-- phpMyAdmin SQL Dump
-- version 5.2.0
-- https://www.phpmyadmin.net/
--
-- Host: 127.0.0.1
-- Generation Time: Jul 06, 2022 at 06:48 AM
-- Server version: 10.4.24-MariaDB
-- PHP Version: 8.1.6

SET SQL_MODE = "NO_AUTO_VALUE_ON_ZERO";
START TRANSACTION;
SET time_zone = "+00:00";


/*!40101 SET @OLD_CHARACTER_SET_CLIENT=@@CHARACTER_SET_CLIENT */;
/*!40101 SET @OLD_CHARACTER_SET_RESULTS=@@CHARACTER_SET_RESULTS */;
/*!40101 SET @OLD_COLLATION_CONNECTION=@@COLLATION_CONNECTION */;
/*!40101 SET NAMES utf8mb4 */;

--
-- Database: `wssg`
--

-- --------------------------------------------------------

--
-- Table structure for table `adminusers`
--

CREATE TABLE `adminusers` (
  `a_id` int(255) NOT NULL,
  `aName` varchar(255) NOT NULL,
  `aSurname` varchar(255) NOT NULL,
  `aPhone` int(10) NOT NULL,
  `aEmail` varchar(255) NOT NULL,
  `aPassword` varchar(255) NOT NULL
) ENGINE=InnoDB DEFAULT CHARSET=utf8mb4;

--
-- Dumping data for table `adminusers`
--

INSERT INTO `adminusers` (`a_id`, `aName`, `aSurname`, `aPhone`, `aEmail`, `aPassword`) VALUES
(1, 'Keanan', 'January I did THIS', 670421958, 'Keanan@gmail.com', '1f32aa4c9a1d2ea010adcf2348166a04'),
(2, 'Norette ', 'Jourbert', 1234567891, 'norette@gmail.com', '827ccb0eea8a706c4c34a16891f84e7b'),
(4, 'Alfred', 'January', 1478523690, 'Alfred@gmail.com', '03e7d2ebec1e820ac34d054df7e68f48'),
(19, 'Tyson', 'Jauary', 214587963, 'Tyson@gmail.com', '827ccb0eea8a706c4c34a16891f84e7b'),
(20, 'Jaime', 'One', 214569730, 'Jaime@gmail.com', '827ccb0eea8a706c4c34a16891f84e7b');

-- --------------------------------------------------------

--
-- Table structure for table `banking`
--

CREATE TABLE `banking` (
  `cID` int(255) NOT NULL,
  `bName` varchar(255) NOT NULL,
  `bType` varchar(255) NOT NULL,
  `ccv` int(3) NOT NULL,
  `cardNum` int(255) UNSIGNED NOT NULL
) ENGINE=InnoDB DEFAULT CHARSET=utf8mb4;

--
-- Dumping data for table `banking`
--

INSERT INTO `banking` (`cID`, `bName`, `bType`, `ccv`, `cardNum`) VALUES
(3, 'Standard Bank', 'Cheque', 133, 1236547890),
(1, 'FNB', 'Savings ', 654, 2147483647),
(6, 'Standard Bank', 'Savings', 333, 2589631470),
(6, 'Absa', 'Cheque', 1132, 4294967295);

-- --------------------------------------------------------

--
-- Table structure for table `category`
--

CREATE TABLE `category` (
  `catID` int(255) NOT NULL,
  `catName` varchar(255) NOT NULL
) ENGINE=InnoDB DEFAULT CHARSET=utf8mb4;

--
-- Dumping data for table `category`
--

INSERT INTO `category` (`catID`, `catName`) VALUES
(1, 'Pizza'),
(2, 'Burger and fries'),
(5, 'Wings'),
(6, 'Fries'),
(8, 'Chicken');

-- --------------------------------------------------------

--
-- Table structure for table `clients`
--

CREATE TABLE `clients` (
  `cID` int(255) NOT NULL,
  `cName` varchar(255) NOT NULL,
  `cSurname` varchar(255) NOT NULL,
  `cPhone` int(10) NOT NULL,
  `cEmail` varchar(255) NOT NULL,
  `cPassword` varchar(255) NOT NULL
) ENGINE=InnoDB DEFAULT CHARSET=utf8mb4;

--
-- Dumping data for table `clients`
--

INSERT INTO `clients` (`cID`, `cName`, `cSurname`, `cPhone`, `cEmail`, `cPassword`) VALUES
(1, 'Dylan', 'January', 781728458, 'Dylan@gmail.com', 'e10adc3949ba59abbe56e057f20f883e'),
(3, 'Keashia', 'January', 662977920, 'Keashia@gmail.com', '827ccb0eea8a706c4c34a16891f84e7b'),
(5, 'Shenica ', 'January', 661963998, 'Shenica@gmail.com', '827ccb0eea8a706c4c34a16891f84e7b'),
(6, 'Howard', 'Januaryi did THis', 825347827, 'Howard@gmail.com', '1f32aa4c9a1d2ea010adcf2348166a04'),
(17, 'Chanell ', 'Jansen', 2145678935, 'Chanell@gmail.com', '827ccb0eea8a706c4c34a16891f84e7b'),
(18, 'Zack ', 'Jade', 670421958, 'Jade@gmail.com', '827ccb0eea8a706c4c34a16891f84e7b');

-- --------------------------------------------------------

--
-- Table structure for table `clientsorders`
--

CREATE TABLE `clientsorders` (
  `cID` int(255) NOT NULL,
  `foodID` varchar(255) NOT NULL,
  `orderDate` date NOT NULL DEFAULT current_timestamp(),
  `quantity` int(11) NOT NULL,
  `orderID` int(225) NOT NULL
) ENGINE=InnoDB DEFAULT CHARSET=utf8mb4;

--
-- Dumping data for table `clientsorders`
--

INSERT INTO `clientsorders` (`cID`, `foodID`, `orderDate`, `quantity`, `orderID`) VALUES
(1, 'BBQP', '2022-06-20', 3, 1),
(6, 'BW', '2022-06-20', 2, 2),
(6, 'CW', '2022-06-20', 3, 3),
(1, 'CP', '2022-07-05', 4, 4),
(1, 'CP', '2022-07-05', 3, 5),
(1, 'BB&F', '2022-07-05', 2, 6),
(1, 'SPP', '2022-07-05', 2, 7),
(1, 'SPP', '2022-07-05', 1, 8),
(1, 'SPP', '2022-07-05', 1, 9),
(1, 'SPP', '2022-07-05', 1, 10),
(1, 'SPP', '2022-07-05', 1, 11),
(1, 'SPP', '2022-07-05', 1, 12),
(1, 'SPP', '2022-07-05', 1, 13),
(1, 'SPP', '2022-07-05', 1, 14),
(1, 'SPP', '2022-07-05', 1, 15),
(1, 'SPP', '2022-07-05', 1, 16),
(1, 'SPP', '2022-07-05', 1, 17),
(1, 'SPP', '2022-07-05', 1, 18),
(1, 'SPP', '2022-07-05', 1, 19),
(1, 'SPP', '2022-07-05', 1, 20),
(1, 'SPP', '2022-07-05', 1, 21),
(1, 'SPP', '2022-07-05', 1, 22),
(1, 'SPP', '2022-07-05', 1, 23),
(1, 'SPP', '2022-07-05', 1, 24),
(1, 'SPP', '2022-07-05', 1, 25),
(1, 'SPP', '2022-07-05', 1, 26),
(1, 'SPP', '2022-07-05', 1, 27),
(1, 'SPP', '2022-07-05', 1, 28),
(1, 'SPP', '2022-07-05', 1, 29),
(1, 'SPP', '2022-07-05', 1, 30),
(1, 'SPP', '2022-07-05', 1, 31),
(1, 'SPP', '2022-07-05', 1, 32),
(1, 'SPP', '2022-07-05', 1, 33),
(1, 'SPP', '2022-07-05', 1, 34),
(1, 'SPP', '2022-07-05', 1, 35),
(1, 'SPP', '2022-07-05', 1, 36),
(1, 'SPP', '2022-07-05', 1, 37),
(1, 'SPP', '2022-07-05', 1, 38),
(1, 'SPP', '2022-07-05', 1, 39),
(1, 'SPP', '2022-07-05', 1, 40),
(1, 'SPP', '2022-07-05', 1, 41),
(1, 'SPP', '2022-07-05', 1, 42),
(1, 'SPP', '2022-07-05', 1, 43),
(1, 'SPP', '2022-07-05', 1, 44),
(1, 'SPP', '2022-07-05', 1, 45),
(1, 'SPP', '2022-07-05', 1, 46),
(1, 'SPP', '2022-07-05', 1, 47),
(1, 'SPP', '2022-07-05', 1, 48),
(1, 'SPP', '2022-07-05', 1, 49),
(1, 'SPP', '2022-07-05', 1, 50),
(1, 'SPP', '2022-07-05', 1, 51),
(1, 'SPP', '2022-07-05', 1, 52),
(1, 'SPP', '2022-07-05', 1, 53),
(1, 'SPP', '2022-07-05', 1, 54),
(1, 'SPP', '2022-07-05', 1, 55),
(1, 'SPP', '2022-07-05', 1, 56),
(1, 'SPP', '2022-07-05', 1, 57),
(1, 'SPP', '2022-07-05', 1, 58),
(1, 'SPP', '2022-07-05', 1, 59),
(1, 'SPP', '2022-07-05', 1, 60),
(1, 'SPP', '2022-07-05', 1, 61),
(1, 'SPP', '2022-07-05', 1, 62),
(1, 'SPP', '2022-07-05', 1, 63),
(1, 'SPP', '2022-07-05', 1, 64),
(1, 'SPP', '2022-07-05', 1, 65),
(1, 'SPP', '2022-07-05', 1, 66),
(1, 'SPP', '2022-07-05', 1, 67),
(1, 'SPP', '2022-07-05', 1, 68),
(1, 'SPP', '2022-07-05', 1, 69),
(1, 'SPP', '2022-07-05', 1, 70),
(1, 'SPP', '2022-07-05', 1, 71),
(1, 'SPP', '2022-07-05', 1, 72),
(1, 'SPP', '2022-07-05', 1, 73),
(1, 'SPP', '2022-07-05', 1, 74),
(1, 'SPP', '2022-07-05', 1, 75),
(1, 'SPP', '2022-07-05', 1, 76),
(1, 'SPP', '2022-07-05', 1, 77),
(1, 'SPP', '2022-07-05', 1, 78),
(1, 'SPP', '2022-07-05', 1, 79),
(1, 'SPP', '2022-07-05', 1, 80),
(1, 'SPP', '2022-07-05', 1, 81),
(1, 'SPP', '2022-07-05', 1, 82),
(1, 'SPP', '2022-07-05', 1, 83),
(1, 'SPP', '2022-07-05', 1, 84),
(1, 'SPP', '2022-07-05', 1, 85),
(1, 'SPP', '2022-07-05', 1, 86),
(1, 'SPP', '2022-07-05', 1, 87),
(1, 'SPP', '2022-07-05', 1, 88),
(1, 'SPP', '2022-07-05', 1, 89),
(1, 'SPP', '2022-07-05', 1, 90),
(1, 'SPP', '2022-07-05', 1, 91),
(1, 'SPP', '2022-07-05', 1, 92),
(1, 'SPP', '2022-07-05', 1, 93),
(1, 'SPP', '2022-07-05', 1, 94),
(1, 'SPP', '2022-07-05', 1, 95),
(1, 'SPP', '2022-07-05', 1, 96),
(1, 'SPP', '2022-07-05', 1, 97),
(1, 'SPP', '2022-07-05', 1, 98),
(1, 'SPP', '2022-07-05', 1, 99),
(1, 'SPP', '2022-07-05', 1, 100),
(1, 'SPP', '2022-07-05', 1, 101),
(1, 'SPP', '2022-07-05', 1, 102),
(1, 'SPP', '2022-07-05', 1, 103),
(1, 'SPP', '2022-07-05', 1, 104),
(1, 'SPP', '2022-07-05', 1, 105),
(1, 'SPP', '2022-07-05', 1, 106),
(1, 'SPP', '2022-07-05', 1, 107),
(1, 'SPP', '2022-07-05', 1, 108),
(1, 'SPP', '2022-07-05', 1, 109),
(1, 'SPP', '2022-07-05', 1, 110),
(1, 'SPP', '2022-07-05', 1, 111),
(1, 'SPP', '2022-07-05', 1, 112),
(1, 'SPP', '2022-07-05', 1, 113),
(1, 'SPP', '2022-07-05', 1, 114),
(1, 'SPP', '2022-07-05', 1, 115),
(1, 'SPP', '2022-07-05', 1, 116),
(1, 'SPP', '2022-07-05', 1, 117),
(1, 'SPP', '2022-07-05', 1, 118),
(1, 'SPP', '2022-07-05', 1, 119),
(1, 'SPP', '2022-07-05', 1, 120),
(1, 'SPP', '2022-07-05', 1, 121),
(1, 'SPP', '2022-07-05', 1, 122),
(1, 'SPP', '2022-07-05', 1, 123),
(1, 'SPP', '2022-07-05', 1, 124),
(1, 'SPP', '2022-07-05', 1, 125),
(1, 'SPP', '2022-07-05', 1, 126),
(1, 'SPP', '2022-07-05', 1, 127),
(1, 'SPP', '2022-07-05', 1, 128),
(1, 'SPP', '2022-07-05', 1, 129),
(1, 'SPP', '2022-07-05', 1, 130),
(1, 'SPP', '2022-07-05', 1, 131),
(1, 'SPP', '2022-07-05', 1, 132),
(1, 'SPP', '2022-07-05', 1, 133),
(1, 'SPP', '2022-07-05', 1, 134),
(1, 'SPP', '2022-07-05', 1, 135),
(1, 'SPP', '2022-07-05', 1, 136),
(1, 'SPP', '2022-07-05', 1, 137),
(1, 'SPP', '2022-07-05', 1, 138),
(1, 'SPP', '2022-07-05', 1, 139),
(1, 'SPP', '2022-07-05', 1, 140),
(1, 'SPP', '2022-07-05', 1, 141),
(1, 'SPP', '2022-07-05', 1, 142),
(1, 'SPP', '2022-07-05', 1, 143),
(1, 'SPP', '2022-07-05', 1, 144),
(1, 'SPP', '2022-07-05', 1, 145),
(1, 'SPP', '2022-07-05', 1, 146),
(1, 'SPP', '2022-07-05', 1, 147),
(1, 'SPP', '2022-07-05', 1, 148),
(1, 'SPP', '2022-07-05', 1, 149),
(1, 'SPP', '2022-07-05', 1, 150),
(1, 'SPP', '2022-07-05', 1, 151),
(1, 'SPP', '2022-07-05', 1, 152),
(1, 'SPP', '2022-07-05', 1, 153),
(1, 'SPP', '2022-07-05', 1, 154),
(1, 'SPP', '2022-07-05', 1, 155),
(1, 'SPP', '2022-07-05', 1, 156),
(1, 'SPP', '2022-07-05', 1, 157),
(1, 'SPP', '2022-07-05', 1, 158),
(1, 'SPP', '2022-07-05', 1, 159),
(1, 'SPP', '2022-07-05', 1, 160),
(1, 'SPP', '2022-07-05', 1, 161),
(1, 'SPP', '2022-07-05', 1, 162),
(1, 'SPP', '2022-07-05', 1, 163),
(1, 'SPP', '2022-07-05', 1, 164),
(1, 'SPP', '2022-07-05', 1, 165),
(1, 'SPP', '2022-07-05', 1, 166),
(1, 'SPP', '2022-07-05', 1, 167),
(1, 'SPP', '2022-07-05', 1, 168),
(1, 'SPP', '2022-07-05', 1, 169),
(1, 'SPP', '2022-07-05', 1, 170),
(1, 'SPP', '2022-07-05', 1, 171),
(1, 'SPP', '2022-07-05', 1, 172),
(1, 'SPP', '2022-07-05', 1, 173),
(1, 'SPP', '2022-07-05', 1, 174),
(1, 'SPP', '2022-07-05', 1, 175),
(1, 'SPP', '2022-07-05', 1, 176),
(1, 'SPP', '2022-07-05', 1, 177),
(1, 'SPP', '2022-07-05', 1, 178),
(1, 'SPP', '2022-07-05', 1, 179),
(1, 'SPP', '2022-07-05', 1, 180),
(1, 'SPP', '2022-07-05', 1, 181),
(1, 'SPP', '2022-07-05', 1, 182),
(1, 'SPP', '2022-07-05', 1, 183),
(1, 'SPP', '2022-07-05', 1, 184),
(1, 'SPP', '2022-07-05', 1, 185),
(1, 'SPP', '2022-07-05', 1, 186),
(1, 'SPP', '2022-07-05', 1, 187),
(1, 'SPP', '2022-07-05', 1, 188),
(1, 'SPP', '2022-07-05', 1, 189),
(1, 'SPP', '2022-07-05', 1, 190),
(1, 'SPP', '2022-07-05', 1, 191),
(1, 'SPP', '2022-07-05', 1, 192),
(1, 'SPP', '2022-07-05', 1, 193),
(1, 'SPP', '2022-07-05', 1, 194),
(1, 'SPP', '2022-07-05', 1, 195),
(1, 'SPP', '2022-07-05', 1, 196),
(1, 'SPP', '2022-07-05', 1, 197),
(1, 'SPP', '2022-07-05', 1, 198),
(1, 'SPP', '2022-07-05', 1, 199),
(1, 'SPP', '2022-07-05', 1, 200),
(1, 'SPP', '2022-07-05', 1, 201),
(1, 'SPP', '2022-07-05', 1, 202),
(1, 'SPP', '2022-07-05', 1, 203),
(1, 'SPP', '2022-07-05', 1, 204),
(1, 'SPP', '2022-07-05', 1, 205),
(1, 'SPP', '2022-07-05', 1, 206),
(1, 'SPP', '2022-07-05', 1, 207),
(1, 'SPP', '2022-07-05', 1, 208),
(1, 'SPP', '2022-07-05', 1, 209),
(1, 'SPP', '2022-07-05', 1, 210),
(1, 'SPP', '2022-07-05', 1, 211),
(1, 'SPP', '2022-07-05', 1, 212),
(1, 'SPP', '2022-07-05', 1, 213),
(1, 'SPP', '2022-07-05', 1, 214),
(1, 'SPP', '2022-07-05', 1, 215),
(1, 'SPP', '2022-07-05', 1, 216),
(1, 'SPP', '2022-07-05', 1, 217),
(1, 'SPP', '2022-07-05', 1, 218),
(1, 'SPP', '2022-07-05', 1, 219),
(1, 'SPP', '2022-07-05', 1, 220),
(1, 'SPP', '2022-07-05', 1, 221),
(1, 'SPP', '2022-07-05', 1, 222),
(1, 'SPP', '2022-07-05', 1, 223),
(1, 'SPP', '2022-07-05', 1, 224),
(1, 'SPP', '2022-07-05', 1, 225),
(1, 'SPP', '2022-07-05', 1, 226),
(1, 'SPP', '2022-07-05', 1, 227),
(1, 'SPP', '2022-07-05', 1, 228),
(1, 'SPP', '2022-07-05', 1, 229),
(1, 'SPP', '2022-07-05', 1, 230),
(1, 'SPP', '2022-07-05', 1, 231),
(1, 'SPP', '2022-07-05', 1, 232),
(1, 'SPP', '2022-07-05', 1, 233),
(1, 'SPP', '2022-07-05', 1, 234),
(1, 'SPP', '2022-07-05', 1, 235),
(1, 'SPP', '2022-07-05', 1, 236),
(1, 'SPP', '2022-07-05', 1, 237),
(1, 'SPP', '2022-07-05', 1, 238),
(1, 'SPP', '2022-07-05', 1, 239),
(1, 'SPP', '2022-07-05', 1, 240),
(1, 'SPP', '2022-07-05', 1, 241),
(1, 'SPP', '2022-07-05', 1, 242),
(1, 'SPP', '2022-07-05', 1, 243),
(1, 'SPP', '2022-07-05', 1, 244),
(1, 'SPP', '2022-07-05', 1, 245),
(1, 'SPP', '2022-07-05', 1, 246),
(1, 'SPP', '2022-07-05', 1, 247),
(1, 'SPP', '2022-07-05', 1, 248),
(1, 'SPP', '2022-07-05', 1, 249),
(1, 'SPP', '2022-07-05', 1, 250),
(1, 'SPP', '2022-07-05', 1, 251),
(1, 'SPP', '2022-07-05', 1, 252),
(1, 'SPP', '2022-07-05', 1, 253),
(1, 'SPP', '2022-07-05', 1, 254),
(1, 'SPP', '2022-07-05', 1, 255),
(1, 'SPP', '2022-07-05', 1, 256),
(1, 'SPP', '2022-07-05', 1, 257),
(1, 'SPP', '2022-07-05', 1, 258),
(1, 'SPP', '2022-07-05', 1, 259),
(1, 'SPP', '2022-07-05', 1, 260),
(1, 'SPP', '2022-07-05', 1, 261),
(1, 'SPP', '2022-07-05', 1, 262),
(1, 'SPP', '2022-07-05', 1, 263),
(1, 'SPP', '2022-07-05', 1, 264),
(1, 'SPP', '2022-07-05', 1, 265),
(1, 'SPP', '2022-07-05', 1, 266),
(1, 'SPP', '2022-07-05', 1, 267),
(1, 'SPP', '2022-07-05', 1, 268),
(1, 'SPP', '2022-07-05', 1, 269),
(1, 'SPP', '2022-07-05', 1, 270),
(1, 'SPP', '2022-07-05', 1, 271),
(1, 'SPP', '2022-07-05', 1, 272),
(1, 'SPP', '2022-07-05', 1, 273),
(1, 'SPP', '2022-07-05', 1, 274),
(1, 'SPP', '2022-07-05', 1, 275),
(1, 'SPP', '2022-07-05', 1, 276),
(1, 'SPP', '2022-07-05', 1, 277),
(1, 'SPP', '2022-07-05', 1, 278),
(1, 'SPP', '2022-07-05', 1, 279),
(1, 'SPP', '2022-07-05', 1, 280),
(1, 'SPP', '2022-07-05', 1, 281),
(1, 'SPP', '2022-07-05', 1, 282),
(1, 'SPP', '2022-07-05', 1, 283),
(1, 'SPP', '2022-07-05', 1, 284),
(1, 'SPP', '2022-07-05', 1, 285),
(1, 'SPP', '2022-07-05', 1, 286),
(1, 'SPP', '2022-07-05', 1, 287),
(1, 'SPP', '2022-07-05', 1, 288),
(1, 'SPP', '2022-07-05', 1, 289),
(1, 'SPP', '2022-07-05', 1, 290),
(1, 'SPP', '2022-07-05', 1, 291),
(1, 'SPP', '2022-07-05', 1, 292),
(1, 'SPP', '2022-07-05', 1, 293),
(1, 'SPP', '2022-07-05', 1, 294),
(1, 'SPP', '2022-07-05', 1, 295),
(1, 'SPP', '2022-07-05', 1, 296),
(1, 'SPP', '2022-07-05', 1, 297),
(1, 'SPP', '2022-07-05', 1, 298),
(1, 'SPP', '2022-07-05', 1, 299),
(1, 'SPP', '2022-07-05', 1, 300),
(1, 'SPP', '2022-07-05', 1, 301),
(1, 'SPP', '2022-07-05', 1, 302),
(1, 'SPP', '2022-07-05', 1, 303),
(1, 'SPP', '2022-07-05', 1, 304),
(1, 'SPP', '2022-07-05', 1, 305),
(1, 'SPP', '2022-07-05', 1, 306),
(1, 'SPP', '2022-07-05', 1, 307),
(1, 'SPP', '2022-07-05', 1, 308),
(1, 'SPP', '2022-07-05', 1, 309),
(1, 'SPP', '2022-07-05', 1, 310),
(1, 'SPP', '2022-07-05', 1, 311),
(1, 'SPP', '2022-07-05', 1, 312),
(1, 'SPP', '2022-07-05', 1, 313),
(1, 'SPP', '2022-07-05', 1, 314),
(1, 'SPP', '2022-07-05', 1, 315),
(1, 'SPP', '2022-07-05', 1, 316),
(1, 'SPP', '2022-07-05', 1, 317),
(1, 'SPP', '2022-07-05', 1, 318),
(1, 'SPP', '2022-07-05', 1, 319),
(1, 'SPP', '2022-07-05', 1, 320),
(1, 'SPP', '2022-07-05', 1, 321),
(1, 'SPP', '2022-07-05', 1, 322),
(1, 'SPP', '2022-07-05', 1, 323),
(1, 'SPP', '2022-07-05', 1, 324),
(1, 'SPP', '2022-07-05', 1, 325),
(1, 'SPP', '2022-07-05', 1, 326),
(1, 'SPP', '2022-07-05', 1, 327),
(1, 'SPP', '2022-07-05', 1, 328),
(1, 'SPP', '2022-07-05', 1, 329),
(1, 'SPP', '2022-07-05', 1, 330),
(1, 'SPP', '2022-07-05', 1, 331),
(1, 'SPP', '2022-07-05', 1, 332),
(1, 'SPP', '2022-07-05', 1, 333),
(1, 'SPP', '2022-07-05', 1, 334),
(1, 'SPP', '2022-07-05', 1, 335),
(1, 'SPP', '2022-07-05', 1, 336),
(1, 'SPP', '2022-07-05', 1, 337),
(1, 'SPP', '2022-07-05', 1, 338),
(1, 'SPP', '2022-07-05', 1, 339),
(1, 'SPP', '2022-07-05', 1, 340),
(1, 'SPP', '2022-07-05', 1, 341),
(1, 'SPP', '2022-07-05', 1, 342),
(1, 'SPP', '2022-07-05', 1, 343),
(1, 'SPP', '2022-07-05', 1, 344),
(1, 'SPP', '2022-07-05', 1, 345),
(1, 'SPP', '2022-07-05', 1, 346),
(1, 'SPP', '2022-07-05', 1, 347),
(1, 'SPP', '2022-07-05', 1, 348),
(1, 'SPP', '2022-07-05', 1, 349),
(1, 'SPP', '2022-07-05', 1, 350),
(1, 'SPP', '2022-07-05', 1, 351),
(1, 'SPP', '2022-07-05', 1, 352),
(1, 'SPP', '2022-07-05', 1, 353),
(1, 'SPP', '2022-07-05', 1, 354),
(1, 'SPP', '2022-07-05', 1, 355),
(1, 'SPP', '2022-07-05', 1, 356),
(1, 'SPP', '2022-07-05', 1, 357),
(1, 'SPP', '2022-07-05', 1, 358),
(1, 'SPP', '2022-07-05', 1, 359),
(1, 'SPP', '2022-07-05', 1, 360),
(1, 'SPP', '2022-07-05', 1, 361),
(1, 'SPP', '2022-07-05', 1, 362),
(1, 'SPP', '2022-07-05', 1, 363),
(1, 'SPP', '2022-07-05', 1, 364),
(1, 'SPP', '2022-07-05', 1, 365),
(1, 'SPP', '2022-07-05', 1, 366),
(1, 'SPP', '2022-07-05', 1, 367),
(1, 'SPP', '2022-07-05', 1, 368),
(1, 'SPP', '2022-07-05', 1, 369),
(1, 'SPP', '2022-07-05', 1, 370),
(1, 'SPP', '2022-07-05', 1, 371),
(1, 'SPP', '2022-07-05', 1, 372),
(1, 'SPP', '2022-07-05', 1, 373),
(1, 'SPP', '2022-07-05', 1, 374),
(1, 'SPP', '2022-07-05', 1, 375),
(1, 'SPP', '2022-07-05', 1, 376),
(1, 'SPP', '2022-07-05', 1, 377),
(1, 'SPP', '2022-07-05', 1, 378),
(1, 'SPP', '2022-07-05', 1, 379),
(1, 'SPP', '2022-07-05', 1, 380),
(1, 'SPP', '2022-07-05', 1, 381),
(1, 'SPP', '2022-07-05', 1, 382),
(1, 'SPP', '2022-07-05', 1, 383),
(1, 'SPP', '2022-07-05', 1, 384),
(1, 'SPP', '2022-07-05', 1, 385),
(1, 'SPP', '2022-07-05', 1, 386),
(1, 'SPP', '2022-07-05', 1, 387),
(1, 'SPP', '2022-07-05', 1, 388),
(1, 'SPP', '2022-07-05', 1, 389),
(1, 'SPP', '2022-07-05', 1, 390),
(1, 'SPP', '2022-07-05', 1, 391),
(1, 'SPP', '2022-07-05', 1, 392),
(1, 'SPP', '2022-07-05', 1, 393),
(1, 'SPP', '2022-07-05', 1, 394),
(1, 'SPP', '2022-07-05', 1, 395),
(1, 'SPP', '2022-07-05', 1, 396),
(1, 'SPP', '2022-07-05', 1, 397),
(1, 'SPP', '2022-07-05', 1, 398),
(1, 'SPP', '2022-07-05', 1, 399),
(1, 'SPP', '2022-07-05', 1, 400),
(1, 'SPP', '2022-07-05', 1, 401),
(1, 'SPP', '2022-07-05', 1, 402),
(1, 'SPP', '2022-07-05', 1, 403),
(1, 'SPP', '2022-07-05', 1, 404),
(1, 'SPP', '2022-07-05', 1, 405),
(1, 'SPP', '2022-07-05', 1, 406),
(1, 'SPP', '2022-07-05', 1, 407),
(1, 'SPP', '2022-07-05', 1, 408),
(1, 'SPP', '2022-07-05', 1, 409),
(1, 'SPP', '2022-07-05', 1, 410),
(1, 'SPP', '2022-07-05', 1, 411),
(1, 'SPP', '2022-07-05', 1, 412),
(1, 'SPP', '2022-07-05', 1, 413),
(1, 'SPP', '2022-07-05', 1, 414),
(1, 'SPP', '2022-07-05', 1, 415),
(1, 'SPP', '2022-07-05', 1, 416),
(1, 'SPP', '2022-07-05', 1, 417),
(1, 'SPP', '2022-07-05', 1, 418),
(1, 'SPP', '2022-07-05', 1, 419),
(1, 'SPP', '2022-07-05', 1, 420),
(1, 'SPP', '2022-07-05', 1, 421),
(1, 'SPP', '2022-07-05', 1, 422),
(1, 'SPP', '2022-07-05', 1, 423),
(1, 'SPP', '2022-07-05', 1, 424),
(1, 'SPP', '2022-07-05', 1, 425),
(1, 'SPP', '2022-07-05', 1, 426),
(1, 'SPP', '2022-07-05', 1, 427),
(1, 'SPP', '2022-07-05', 1, 428),
(1, 'SPP', '2022-07-05', 1, 429),
(1, 'SPP', '2022-07-05', 1, 430),
(1, 'SPP', '2022-07-05', 1, 431),
(1, 'SPP', '2022-07-05', 1, 432),
(1, 'SPP', '2022-07-05', 1, 433),
(1, 'SPP', '2022-07-05', 1, 434),
(1, 'SPP', '2022-07-05', 1, 435),
(1, 'SPP', '2022-07-05', 1, 436),
(1, 'SPP', '2022-07-05', 1, 437),
(1, 'SPP', '2022-07-05', 1, 438),
(1, 'SPP', '2022-07-05', 1, 439),
(1, 'SPP', '2022-07-05', 1, 440),
(1, 'SPP', '2022-07-05', 1, 441),
(1, 'SPP', '2022-07-05', 1, 442),
(1, 'SPP', '2022-07-05', 1, 443),
(1, 'SPP', '2022-07-05', 1, 444),
(1, 'SPP', '2022-07-05', 1, 445),
(1, 'SPP', '2022-07-05', 1, 446),
(1, 'SPP', '2022-07-05', 1, 447),
(1, 'SPP', '2022-07-05', 1, 448),
(1, 'SPP', '2022-07-05', 1, 449),
(1, 'SPP', '2022-07-05', 1, 450),
(1, 'SPP', '2022-07-05', 1, 451),
(1, 'SPP', '2022-07-05', 1, 452),
(1, 'SPP', '2022-07-05', 1, 453),
(1, 'SPP', '2022-07-05', 1, 454),
(1, 'SPP', '2022-07-05', 1, 455),
(1, 'SPP', '2022-07-05', 1, 456),
(1, 'SPP', '2022-07-05', 1, 457),
(1, 'SPP', '2022-07-05', 1, 458),
(1, 'SPP', '2022-07-05', 1, 459),
(1, 'SPP', '2022-07-05', 1, 460),
(1, 'SPP', '2022-07-05', 1, 461),
(1, 'SPP', '2022-07-05', 1, 462),
(1, 'SPP', '2022-07-05', 1, 463),
(1, 'SPP', '2022-07-05', 1, 464),
(1, 'SPP', '2022-07-05', 1, 465),
(1, 'SPP', '2022-07-05', 1, 466),
(1, 'SPP', '2022-07-05', 1, 467),
(1, 'SPP', '2022-07-05', 1, 468),
(1, 'SPP', '2022-07-05', 1, 469),
(1, 'SPP', '2022-07-05', 1, 470),
(1, 'SPP', '2022-07-05', 1, 471),
(1, 'SPP', '2022-07-05', 1, 472),
(1, 'SPP', '2022-07-05', 1, 473),
(1, 'SPP', '2022-07-05', 1, 474),
(1, 'SPP', '2022-07-05', 1, 475),
(1, 'SPP', '2022-07-05', 1, 476),
(1, 'SPP', '2022-07-05', 1, 477),
(1, 'SPP', '2022-07-05', 1, 478),
(1, 'SPP', '2022-07-05', 1, 479),
(1, 'SPP', '2022-07-05', 1, 480),
(1, 'SPP', '2022-07-05', 1, 481),
(1, 'SPP', '2022-07-05', 1, 482),
(1, 'SPP', '2022-07-05', 1, 483),
(1, 'SPP', '2022-07-05', 1, 484),
(1, 'SPP', '2022-07-05', 1, 485),
(1, 'SPP', '2022-07-05', 1, 486),
(1, 'SPP', '2022-07-05', 1, 487),
(1, 'SPP', '2022-07-05', 1, 488),
(1, 'SPP', '2022-07-05', 1, 489),
(1, 'SPP', '2022-07-05', 1, 490),
(1, 'SPP', '2022-07-05', 1, 491),
(1, 'SPP', '2022-07-05', 1, 492),
(1, 'SPP', '2022-07-05', 1, 493),
(1, 'SPP', '2022-07-05', 1, 494),
(1, 'SPP', '2022-07-05', 1, 495),
(1, 'SPP', '2022-07-05', 1, 496),
(1, 'SPP', '2022-07-05', 1, 497),
(1, 'SPP', '2022-07-05', 1, 498),
(1, 'SPP', '2022-07-05', 1, 499),
(1, 'SPP', '2022-07-05', 1, 500),
(1, 'SPP', '2022-07-05', 1, 501),
(1, 'SPP', '2022-07-05', 1, 502),
(1, 'SPP', '2022-07-05', 1, 503),
(1, 'SPP', '2022-07-05', 1, 504),
(1, 'SPP', '2022-07-05', 1, 505),
(1, 'SPP', '2022-07-05', 1, 506),
(1, 'SPP', '2022-07-05', 1, 507),
(1, 'SPP', '2022-07-05', 1, 508),
(1, 'SPP', '2022-07-05', 1, 509),
(1, 'SPP', '2022-07-05', 1, 510),
(1, 'SPP', '2022-07-05', 1, 511),
(1, 'SPP', '2022-07-05', 1, 512),
(1, 'SPP', '2022-07-05', 1, 513),
(1, 'SPP', '2022-07-05', 1, 514),
(1, 'SPP', '2022-07-05', 1, 515),
(1, 'SPP', '2022-07-05', 1, 516),
(1, 'SPP', '2022-07-05', 1, 517),
(1, 'SPP', '2022-07-05', 1, 518),
(1, 'SPP', '2022-07-05', 1, 519),
(1, 'SPP', '2022-07-05', 1, 520),
(1, 'SPP', '2022-07-05', 1, 521),
(1, 'SPP', '2022-07-05', 1, 522),
(1, 'SPP', '2022-07-05', 1, 523),
(1, 'SPP', '2022-07-05', 1, 524),
(1, 'SPP', '2022-07-05', 1, 525),
(1, 'SPP', '2022-07-05', 1, 526),
(1, 'SPP', '2022-07-05', 1, 527),
(1, 'SPP', '2022-07-05', 1, 528),
(1, 'SPP', '2022-07-05', 1, 529),
(1, 'SPP', '2022-07-05', 1, 530),
(1, 'SPP', '2022-07-05', 1, 531),
(1, 'SPP', '2022-07-05', 1, 532),
(1, 'SPP', '2022-07-05', 1, 533),
(1, 'SPP', '2022-07-05', 1, 534),
(1, 'SPP', '2022-07-05', 1, 535),
(1, 'SPP', '2022-07-05', 1, 536),
(1, 'SPP', '2022-07-05', 1, 537),
(1, 'SPP', '2022-07-05', 1, 538),
(1, 'SPP', '2022-07-05', 1, 539),
(1, 'SPP', '2022-07-05', 1, 540),
(1, 'SPP', '2022-07-05', 1, 541),
(1, 'SPP', '2022-07-05', 1, 542),
(1, 'SPP', '2022-07-05', 1, 543),
(1, 'SPP', '2022-07-05', 1, 544),
(1, 'SPP', '2022-07-05', 1, 545),
(1, 'SPP', '2022-07-05', 1, 546),
(1, 'SPP', '2022-07-05', 1, 547),
(1, 'SPP', '2022-07-05', 1, 548),
(1, 'SPP', '2022-07-05', 1, 549),
(1, 'SPP', '2022-07-05', 1, 550),
(1, 'SPP', '2022-07-05', 1, 551),
(1, 'SPP', '2022-07-05', 1, 552),
(1, 'SPP', '2022-07-05', 1, 553),
(1, 'SPP', '2022-07-05', 1, 554),
(1, 'SPP', '2022-07-05', 1, 555),
(1, 'SPP', '2022-07-05', 1, 556),
(1, 'SPP', '2022-07-05', 1, 557),
(1, 'SPP', '2022-07-05', 1, 558),
(1, 'SPP', '2022-07-05', 1, 559),
(1, 'SPP', '2022-07-05', 1, 560),
(1, 'SPP', '2022-07-05', 1, 561),
(1, 'SPP', '2022-07-05', 1, 562),
(1, 'SPP', '2022-07-05', 1, 563),
(1, 'SPP', '2022-07-05', 1, 564),
(1, 'SPP', '2022-07-05', 1, 565),
(1, 'SPP', '2022-07-05', 1, 566),
(1, 'SPP', '2022-07-05', 1, 567),
(1, 'SPP', '2022-07-05', 1, 568),
(1, 'SPP', '2022-07-05', 1, 569),
(1, 'SPP', '2022-07-05', 1, 570),
(1, 'SPP', '2022-07-05', 1, 571),
(1, 'SPP', '2022-07-05', 1, 572),
(1, 'SPP', '2022-07-05', 1, 573),
(1, 'SPP', '2022-07-05', 1, 574),
(1, 'SPP', '2022-07-05', 1, 575),
(1, 'SPP', '2022-07-05', 1, 576),
(1, 'SPP', '2022-07-05', 1, 577),
(1, 'SPP', '2022-07-05', 1, 578),
(1, 'SPP', '2022-07-05', 1, 579),
(1, 'SPP', '2022-07-05', 1, 580),
(1, 'SPP', '2022-07-05', 1, 581),
(1, 'SPP', '2022-07-05', 1, 582),
(1, 'SPP', '2022-07-05', 1, 583),
(1, 'SPP', '2022-07-05', 1, 584),
(1, 'SPP', '2022-07-05', 1, 585),
(1, 'SPP', '2022-07-05', 1, 586),
(1, 'SPP', '2022-07-05', 1, 587),
(1, 'SPP', '2022-07-05', 1, 588),
(1, 'SPP', '2022-07-05', 1, 589),
(1, 'SPP', '2022-07-05', 1, 590),
(1, 'SPP', '2022-07-05', 1, 591),
(1, 'SPP', '2022-07-05', 1, 592),
(1, 'SPP', '2022-07-05', 1, 593),
(1, 'SPP', '2022-07-05', 1, 594),
(1, 'SPP', '2022-07-05', 1, 595),
(1, 'SPP', '2022-07-05', 1, 596),
(1, 'SPP', '2022-07-05', 1, 597),
(1, 'SPP', '2022-07-05', 1, 598),
(1, 'SPP', '2022-07-05', 1, 599),
(1, 'SPP', '2022-07-05', 1, 600),
(1, 'SPP', '2022-07-05', 1, 601),
(1, 'SPP', '2022-07-05', 1, 602),
(1, 'SPP', '2022-07-05', 1, 603),
(1, 'SPP', '2022-07-05', 1, 604),
(1, 'SPP', '2022-07-05', 1, 605),
(1, 'SPP', '2022-07-05', 1, 606),
(1, 'SPP', '2022-07-05', 1, 607),
(1, 'SPP', '2022-07-05', 1, 608),
(1, 'SPP', '2022-07-05', 1, 609),
(1, 'SPP', '2022-07-05', 1, 610),
(1, 'SPP', '2022-07-05', 1, 611),
(1, 'SPP', '2022-07-05', 1, 612),
(1, 'SPP', '2022-07-05', 1, 613),
(1, 'SPP', '2022-07-05', 1, 614),
(1, 'SPP', '2022-07-05', 1, 615),
(1, 'SPP', '2022-07-05', 1, 616),
(1, 'SPP', '2022-07-05', 1, 617),
(1, 'SPP', '2022-07-05', 1, 618),
(1, 'SPP', '2022-07-05', 1, 619),
(1, 'SPP', '2022-07-05', 1, 620),
(1, 'SPP', '2022-07-05', 1, 621),
(1, 'SPP', '2022-07-05', 1, 622),
(1, 'SPP', '2022-07-05', 1, 623),
(1, 'SPP', '2022-07-05', 1, 624),
(1, 'SPP', '2022-07-05', 1, 625),
(1, 'SPP', '2022-07-05', 1, 626),
(1, 'SPP', '2022-07-05', 1, 627),
(1, 'SPP', '2022-07-05', 1, 628),
(1, 'SPP', '2022-07-05', 1, 629),
(1, 'SPP', '2022-07-05', 1, 630),
(1, 'SPP', '2022-07-05', 1, 631),
(1, 'SPP', '2022-07-05', 1, 632),
(1, 'SPP', '2022-07-05', 1, 633),
(1, 'SPP', '2022-07-05', 1, 634),
(1, 'SPP', '2022-07-05', 1, 635),
(1, 'SPP', '2022-07-05', 1, 636),
(1, 'SPP', '2022-07-05', 1, 637),
(1, 'SPP', '2022-07-05', 1, 638),
(1, 'SPP', '2022-07-05', 1, 639),
(1, 'SPP', '2022-07-05', 1, 640),
(1, 'SPP', '2022-07-05', 1, 641),
(1, 'SPP', '2022-07-05', 1, 642),
(1, 'SPP', '2022-07-05', 1, 643),
(1, 'SPP', '2022-07-05', 1, 644),
(1, 'SPP', '2022-07-05', 1, 645),
(1, 'SPP', '2022-07-05', 1, 646),
(1, 'SPP', '2022-07-05', 1, 647),
(1, 'SPP', '2022-07-05', 1, 648),
(1, 'SPP', '2022-07-05', 1, 649),
(1, 'SPP', '2022-07-05', 1, 650),
(1, 'SPP', '2022-07-05', 1, 651),
(1, 'SPP', '2022-07-05', 1, 652),
(1, 'SPP', '2022-07-05', 1, 653),
(1, 'SPP', '2022-07-05', 1, 654),
(1, 'SPP', '2022-07-05', 1, 655),
(1, 'SPP', '2022-07-05', 1, 656),
(1, 'SPP', '2022-07-05', 1, 657),
(1, 'SPP', '2022-07-05', 1, 658),
(1, 'SPP', '2022-07-05', 1, 659),
(1, 'SPP', '2022-07-05', 1, 660),
(1, 'SPP', '2022-07-05', 1, 661),
(1, 'SPP', '2022-07-05', 1, 662),
(1, 'SPP', '2022-07-05', 1, 663),
(1, 'SPP', '2022-07-05', 1, 664),
(1, 'SPP', '2022-07-05', 1, 665),
(1, 'SPP', '2022-07-05', 1, 666),
(1, 'SPP', '2022-07-05', 1, 667),
(1, 'SPP', '2022-07-05', 1, 668),
(1, 'SPP', '2022-07-05', 1, 669),
(1, 'SPP', '2022-07-05', 1, 670),
(1, 'SPP', '2022-07-05', 1, 671),
(1, 'SPP', '2022-07-05', 1, 672),
(1, 'SPP', '2022-07-05', 1, 673),
(1, 'SPP', '2022-07-05', 1, 674),
(1, 'SPP', '2022-07-05', 1, 675),
(1, 'SPP', '2022-07-05', 1, 676),
(1, 'SPP', '2022-07-05', 1, 677),
(1, 'SPP', '2022-07-05', 1, 678),
(1, 'SPP', '2022-07-05', 1, 679),
(1, 'SPP', '2022-07-05', 1, 680),
(1, 'SPP', '2022-07-05', 1, 681),
(1, 'SPP', '2022-07-05', 1, 682),
(1, 'SPP', '2022-07-05', 1, 683),
(1, 'SPP', '2022-07-05', 1, 684),
(1, 'SPP', '2022-07-05', 1, 685),
(1, 'SPP', '2022-07-05', 1, 686),
(1, 'SPP', '2022-07-05', 1, 687),
(1, 'SPP', '2022-07-05', 1, 688),
(1, 'SPP', '2022-07-05', 1, 689),
(1, 'SPP', '2022-07-05', 1, 690),
(1, 'SPP', '2022-07-05', 1, 691),
(1, 'SPP', '2022-07-05', 1, 692),
(1, 'SPP', '2022-07-05', 1, 693),
(1, 'SPP', '2022-07-05', 1, 694),
(1, 'SPP', '2022-07-05', 1, 695),
(1, 'SPP', '2022-07-05', 1, 696),
(1, 'SPP', '2022-07-05', 1, 697),
(1, 'SPP', '2022-07-05', 1, 698),
(1, 'SPP', '2022-07-05', 1, 699),
(1, 'SPP', '2022-07-05', 1, 700),
(1, 'SPP', '2022-07-05', 1, 701),
(1, 'SPP', '2022-07-05', 1, 702),
(1, 'SPP', '2022-07-05', 1, 703),
(1, 'SPP', '2022-07-05', 1, 704),
(1, 'SPP', '2022-07-05', 1, 705),
(1, 'SPP', '2022-07-05', 1, 706),
(1, 'SPP', '2022-07-05', 1, 707),
(1, 'SPP', '2022-07-05', 1, 708),
(1, 'SPP', '2022-07-05', 1, 709),
(1, 'SPP', '2022-07-05', 1, 710),
(1, 'SPP', '2022-07-05', 1, 711),
(1, 'SPP', '2022-07-05', 1, 712),
(1, 'SPP', '2022-07-05', 1, 713),
(1, 'SPP', '2022-07-05', 1, 714),
(1, 'SPP', '2022-07-05', 1, 715),
(1, 'SPP', '2022-07-05', 1, 716),
(1, 'SPP', '2022-07-05', 1, 717),
(1, 'SPP', '2022-07-05', 1, 718),
(1, 'SPP', '2022-07-05', 1, 719),
(1, 'SPP', '2022-07-05', 1, 720),
(1, 'SPP', '2022-07-05', 1, 721),
(1, 'SPP', '2022-07-05', 1, 722),
(1, 'SPP', '2022-07-05', 1, 723),
(1, 'SPP', '2022-07-05', 1, 724),
(1, 'SPP', '2022-07-05', 1, 725),
(1, 'SPP', '2022-07-05', 1, 726),
(1, 'SPP', '2022-07-05', 1, 727),
(1, 'SPP', '2022-07-05', 1, 728),
(1, 'SPP', '2022-07-05', 1, 729),
(1, 'SPP', '2022-07-05', 1, 730),
(1, 'SPP', '2022-07-05', 1, 731),
(1, 'SPP', '2022-07-05', 1, 732),
(1, 'SPP', '2022-07-05', 1, 733),
(1, 'SPP', '2022-07-05', 1, 734),
(1, 'SPP', '2022-07-05', 1, 735),
(1, 'SPP', '2022-07-05', 1, 736),
(1, 'SPP', '2022-07-05', 1, 737),
(1, 'SPP', '2022-07-05', 1, 738),
(1, 'SPP', '2022-07-05', 1, 739),
(1, 'SPP', '2022-07-05', 1, 740),
(1, 'SPP', '2022-07-05', 1, 741),
(1, 'SPP', '2022-07-05', 1, 742),
(1, 'SPP', '2022-07-05', 1, 743),
(1, 'SPP', '2022-07-05', 1, 744),
(1, 'SPP', '2022-07-05', 1, 745),
(1, 'SPP', '2022-07-05', 1, 746),
(1, 'SPP', '2022-07-05', 1, 747),
(1, 'SPP', '2022-07-05', 1, 748),
(1, 'SPP', '2022-07-05', 1, 749),
(1, 'SPP', '2022-07-05', 1, 750),
(1, 'SPP', '2022-07-05', 1, 751),
(1, 'SPP', '2022-07-05', 1, 752),
(1, 'SPP', '2022-07-05', 1, 753),
(1, 'SPP', '2022-07-05', 1, 754),
(1, 'SPP', '2022-07-05', 1, 755),
(1, 'SPP', '2022-07-05', 1, 756),
(1, 'SPP', '2022-07-05', 1, 757),
(1, 'SPP', '2022-07-05', 1, 758),
(1, 'SPP', '2022-07-05', 1, 759),
(1, 'SPP', '2022-07-05', 1, 760),
(1, 'SPP', '2022-07-05', 1, 761),
(1, 'SPP', '2022-07-05', 1, 762),
(1, 'SPP', '2022-07-05', 1, 763),
(1, 'SPP', '2022-07-05', 1, 764),
(1, 'SPP', '2022-07-05', 1, 765),
(1, 'SPP', '2022-07-05', 1, 766),
(1, 'SPP', '2022-07-05', 1, 767),
(1, 'SPP', '2022-07-05', 1, 768),
(1, 'SPP', '2022-07-05', 1, 769),
(1, 'SPP', '2022-07-05', 1, 770),
(1, 'SPP', '2022-07-05', 1, 771),
(1, 'SPP', '2022-07-05', 1, 772),
(1, 'SPP', '2022-07-05', 1, 773),
(1, 'SPP', '2022-07-05', 1, 774),
(1, 'SPP', '2022-07-05', 1, 775),
(1, 'SPP', '2022-07-05', 1, 776),
(1, 'SPP', '2022-07-05', 1, 777),
(1, 'SPP', '2022-07-05', 1, 778),
(1, 'SPP', '2022-07-05', 1, 779),
(1, 'SPP', '2022-07-05', 1, 780),
(1, 'SPP', '2022-07-05', 1, 781),
(1, 'SPP', '2022-07-05', 1, 782),
(1, 'SPP', '2022-07-05', 1, 783),
(1, 'SPP', '2022-07-05', 1, 784),
(1, 'SPP', '2022-07-05', 1, 785),
(1, 'SPP', '2022-07-05', 1, 786),
(1, 'SPP', '2022-07-05', 1, 787),
(1, 'SPP', '2022-07-05', 1, 788),
(1, 'SPP', '2022-07-05', 1, 789),
(1, 'SPP', '2022-07-05', 1, 790),
(1, 'SPP', '2022-07-05', 1, 791),
(1, 'SPP', '2022-07-05', 1, 792),
(1, 'SPP', '2022-07-05', 1, 793),
(1, 'SPP', '2022-07-05', 1, 794),
(1, 'SPP', '2022-07-05', 1, 795),
(1, 'SPP', '2022-07-05', 1, 796),
(1, 'SPP', '2022-07-05', 1, 797),
(1, 'SPP', '2022-07-05', 1, 798),
(1, 'SPP', '2022-07-05', 1, 799),
(1, 'SPP', '2022-07-05', 1, 800),
(1, 'SPP', '2022-07-05', 1, 801),
(1, 'SPP', '2022-07-05', 1, 802),
(1, 'SPP', '2022-07-05', 1, 803),
(1, 'SPP', '2022-07-05', 1, 804),
(1, 'SPP', '2022-07-05', 1, 805),
(1, 'SPP', '2022-07-05', 1, 806),
(1, 'SPP', '2022-07-05', 1, 807),
(1, 'SPP', '2022-07-05', 1, 808),
(1, 'SPP', '2022-07-05', 1, 809),
(1, 'SPP', '2022-07-05', 1, 810),
(1, 'SPP', '2022-07-05', 1, 811),
(1, 'SPP', '2022-07-05', 1, 812),
(1, 'SPP', '2022-07-05', 1, 813),
(1, 'SPP', '2022-07-05', 1, 814),
(1, 'SPP', '2022-07-05', 1, 815),
(1, 'SPP', '2022-07-05', 1, 816),
(1, 'SPP', '2022-07-05', 1, 817),
(1, 'SPP', '2022-07-05', 1, 818),
(1, 'SPP', '2022-07-05', 1, 819),
(1, 'SPP', '2022-07-05', 1, 820),
(1, 'SPP', '2022-07-05', 1, 821),
(1, 'SPP', '2022-07-05', 1, 822),
(1, 'SPP', '2022-07-05', 1, 823),
(1, 'SPP', '2022-07-05', 1, 824),
(1, 'SPP', '2022-07-05', 1, 825),
(1, 'SPP', '2022-07-05', 1, 826),
(1, 'SPP', '2022-07-05', 1, 827),
(1, 'SPP', '2022-07-05', 1, 828),
(1, 'SPP', '2022-07-05', 1, 829),
(1, 'SPP', '2022-07-05', 1, 830),
(1, 'SPP', '2022-07-05', 1, 831),
(1, 'SPP', '2022-07-05', 1, 832),
(1, 'SPP', '2022-07-05', 1, 833),
(1, 'SPP', '2022-07-05', 1, 834),
(1, 'SPP', '2022-07-05', 1, 835),
(1, 'SPP', '2022-07-05', 1, 836),
(1, 'SPP', '2022-07-05', 1, 837),
(1, 'SPP', '2022-07-05', 1, 838),
(1, 'SPP', '2022-07-05', 1, 839),
(1, 'SPP', '2022-07-05', 1, 840),
(1, 'SPP', '2022-07-05', 1, 841),
(1, 'SPP', '2022-07-05', 1, 842),
(1, 'SPP', '2022-07-05', 1, 843),
(1, 'SPP', '2022-07-05', 1, 844),
(1, 'SPP', '2022-07-05', 1, 845),
(1, 'SPP', '2022-07-05', 1, 846),
(1, 'SPP', '2022-07-05', 1, 847),
(1, 'SPP', '2022-07-05', 1, 848),
(1, 'SPP', '2022-07-05', 1, 849),
(1, 'SPP', '2022-07-05', 1, 850),
(1, 'SPP', '2022-07-05', 1, 851),
(1, 'SPP', '2022-07-05', 1, 852),
(1, 'SPP', '2022-07-05', 1, 853),
(1, 'SPP', '2022-07-05', 1, 854),
(1, 'SPP', '2022-07-05', 1, 855),
(1, 'SPP', '2022-07-05', 1, 856),
(1, 'SPP', '2022-07-05', 1, 857),
(1, 'SPP', '2022-07-05', 1, 858),
(1, 'SPP', '2022-07-05', 1, 859),
(1, 'SPP', '2022-07-05', 1, 860),
(1, 'SPP', '2022-07-05', 1, 861),
(1, 'SPP', '2022-07-05', 1, 862),
(1, 'SPP', '2022-07-05', 1, 863),
(1, 'SPP', '2022-07-05', 1, 864),
(1, 'SPP', '2022-07-05', 1, 865),
(1, 'SPP', '2022-07-05', 1, 866),
(1, 'SPP', '2022-07-05', 1, 867),
(1, 'SPP', '2022-07-05', 1, 868),
(1, 'SPP', '2022-07-05', 1, 869),
(1, 'SPP', '2022-07-05', 1, 870),
(1, 'SPP', '2022-07-05', 1, 871),
(1, 'SPP', '2022-07-05', 1, 872),
(1, 'SPP', '2022-07-05', 1, 873),
(1, 'SPP', '2022-07-05', 1, 874),
(1, 'SPP', '2022-07-05', 1, 875),
(1, 'SPP', '2022-07-05', 1, 876),
(1, 'SPP', '2022-07-05', 1, 877),
(1, 'SPP', '2022-07-05', 1, 878),
(1, 'SPP', '2022-07-05', 1, 879),
(1, 'SPP', '2022-07-05', 1, 880),
(1, 'SPP', '2022-07-05', 1, 881),
(1, 'SPP', '2022-07-05', 1, 882),
(1, 'SPP', '2022-07-05', 1, 883),
(1, 'SPP', '2022-07-05', 1, 884),
(1, 'SPP', '2022-07-05', 1, 885),
(1, 'SPP', '2022-07-05', 1, 886),
(1, 'SPP', '2022-07-05', 1, 887),
(1, 'SPP', '2022-07-05', 1, 888),
(1, 'SPP', '2022-07-05', 1, 889),
(1, 'SPP', '2022-07-05', 1, 890),
(1, 'SPP', '2022-07-05', 1, 891),
(1, 'SPP', '2022-07-05', 1, 892),
(1, 'SPP', '2022-07-05', 1, 893),
(1, 'SPP', '2022-07-05', 1, 894),
(1, 'SPP', '2022-07-05', 1, 895),
(1, 'SPP', '2022-07-05', 1, 896),
(1, 'SPP', '2022-07-05', 1, 897),
(1, 'SPP', '2022-07-05', 1, 898),
(1, 'SPP', '2022-07-05', 1, 899),
(1, 'SPP', '2022-07-05', 1, 900),
(1, 'SPP', '2022-07-05', 1, 901),
(1, 'SPP', '2022-07-05', 1, 902),
(1, 'SPP', '2022-07-05', 1, 903),
(1, 'SPP', '2022-07-05', 1, 904),
(1, 'SPP', '2022-07-05', 1, 905),
(1, 'SPP', '2022-07-05', 1, 906),
(1, 'SPP', '2022-07-05', 1, 907),
(1, 'SPP', '2022-07-05', 1, 908),
(1, 'SPP', '2022-07-05', 1, 909),
(1, 'SPP', '2022-07-05', 1, 910),
(1, 'SPP', '2022-07-05', 1, 911),
(1, 'SPP', '2022-07-05', 1, 912),
(1, 'SPP', '2022-07-05', 1, 913),
(1, 'SPP', '2022-07-05', 1, 914),
(1, 'SPP', '2022-07-05', 1, 915),
(1, 'SPP', '2022-07-05', 1, 916),
(1, 'SPP', '2022-07-05', 1, 917),
(1, 'SPP', '2022-07-05', 1, 918),
(1, 'SPP', '2022-07-05', 1, 919),
(1, 'SPP', '2022-07-05', 1, 920),
(1, 'SPP', '2022-07-05', 1, 921),
(1, 'SPP', '2022-07-05', 1, 922),
(1, 'SPP', '2022-07-05', 1, 923),
(1, 'SPP', '2022-07-05', 1, 924),
(1, 'SPP', '2022-07-05', 1, 925),
(1, 'SPP', '2022-07-05', 1, 926),
(1, 'SPP', '2022-07-05', 1, 927),
(1, 'SPP', '2022-07-05', 1, 928),
(1, 'SPP', '2022-07-05', 1, 929),
(1, 'SPP', '2022-07-05', 1, 930),
(1, 'SPP', '2022-07-05', 1, 931),
(1, 'SPP', '2022-07-05', 1, 932),
(1, 'SPP', '2022-07-05', 1, 933),
(1, 'SPP', '2022-07-05', 1, 934),
(1, 'SPP', '2022-07-05', 1, 935),
(1, 'SPP', '2022-07-05', 1, 936),
(1, 'SPP', '2022-07-05', 1, 937),
(1, 'SPP', '2022-07-05', 1, 938),
(1, 'SPP', '2022-07-05', 1, 939),
(1, 'SPP', '2022-07-05', 1, 940),
(1, 'SPP', '2022-07-05', 1, 941),
(1, 'SPP', '2022-07-05', 1, 942),
(1, 'SPP', '2022-07-05', 1, 943),
(1, 'SPP', '2022-07-05', 1, 944),
(1, 'SPP', '2022-07-05', 1, 945),
(1, 'SPP', '2022-07-05', 1, 946),
(1, 'SPP', '2022-07-05', 1, 947),
(1, 'SPP', '2022-07-05', 1, 948),
(1, 'SPP', '2022-07-05', 1, 949),
(1, 'SPP', '2022-07-05', 1, 950),
(1, 'SPP', '2022-07-05', 1, 951),
(1, 'SPP', '2022-07-05', 1, 952),
(1, 'SPP', '2022-07-05', 1, 953),
(1, 'SPP', '2022-07-05', 1, 954),
(1, 'SPP', '2022-07-05', 1, 955),
(1, 'SPP', '2022-07-05', 1, 956),
(1, 'SPP', '2022-07-05', 1, 957),
(1, 'SPP', '2022-07-05', 1, 958),
(1, 'SPP', '2022-07-05', 1, 959),
(1, 'SPP', '2022-07-05', 1, 960),
(1, 'SPP', '2022-07-05', 1, 961),
(1, 'SPP', '2022-07-05', 1, 962),
(1, 'SPP', '2022-07-05', 1, 963),
(1, 'SPP', '2022-07-05', 1, 964),
(1, 'SPP', '2022-07-05', 1, 965),
(1, 'SPP', '2022-07-05', 1, 966),
(1, 'SPP', '2022-07-05', 1, 967),
(1, 'SPP', '2022-07-05', 1, 968),
(1, 'SPP', '2022-07-05', 1, 969),
(1, 'SPP', '2022-07-05', 1, 970),
(1, 'SPP', '2022-07-05', 1, 971),
(1, 'SPP', '2022-07-05', 1, 972),
(1, 'SPP', '2022-07-05', 1, 973),
(1, 'SPP', '2022-07-05', 1, 974),
(1, 'SPP', '2022-07-05', 1, 975),
(1, 'SPP', '2022-07-05', 1, 976),
(1, 'SPP', '2022-07-05', 1, 977),
(1, 'SPP', '2022-07-05', 1, 978),
(1, 'SPP', '2022-07-05', 1, 979),
(1, 'SPP', '2022-07-05', 1, 980),
(1, 'SPP', '2022-07-05', 1, 981),
(1, 'SPP', '2022-07-05', 1, 982),
(1, 'SPP', '2022-07-05', 1, 983),
(1, 'SPP', '2022-07-05', 1, 984),
(1, 'SPP', '2022-07-05', 1, 985),
(1, 'SPP', '2022-07-05', 1, 986),
(1, 'SPP', '2022-07-05', 1, 987),
(1, 'SPP', '2022-07-05', 1, 988),
(1, 'SPP', '2022-07-05', 1, 989),
(1, 'SPP', '2022-07-05', 1, 990),
(1, 'SPP', '2022-07-05', 1, 991),
(1, 'SPP', '2022-07-05', 1, 992),
(1, 'SPP', '2022-07-05', 1, 993),
(1, 'SPP', '2022-07-05', 1, 994),
(1, 'SPP', '2022-07-05', 1, 995),
(1, 'SPP', '2022-07-05', 1, 996),
(1, 'SPP', '2022-07-05', 1, 997),
(1, 'SPP', '2022-07-05', 1, 998),
(1, 'SPP', '2022-07-05', 1, 999),
(1, 'SPP', '2022-07-05', 1, 1000),
(1, 'SPP', '2022-07-05', 1, 1001),
(1, 'SPP', '2022-07-05', 1, 1002),
(1, 'SPP', '2022-07-05', 1, 1003),
(1, 'SPP', '2022-07-05', 1, 1004),
(1, 'SPP', '2022-07-05', 1, 1005),
(1, 'SPP', '2022-07-05', 1, 1006),
(1, 'SPP', '2022-07-05', 1, 1007),
(1, 'SPP', '2022-07-05', 1, 1008),
(1, 'SPP', '2022-07-05', 1, 1009),
(1, 'SPP', '2022-07-05', 1, 1010),
(1, 'SPP', '2022-07-05', 1, 1011),
(1, 'SPP', '2022-07-05', 1, 1012),
(1, 'SPP', '2022-07-05', 1, 1013),
(1, 'SPP', '2022-07-05', 1, 1014),
(1, 'SPP', '2022-07-05', 1, 1015),
(1, 'SPP', '2022-07-05', 1, 1016),
(1, 'SPP', '2022-07-05', 1, 1017),
(1, 'SPP', '2022-07-05', 1, 1018),
(1, 'SPP', '2022-07-05', 1, 1019),
(1, 'SPP', '2022-07-05', 1, 1020),
(1, 'SPP', '2022-07-05', 1, 1021),
(1, 'SPP', '2022-07-05', 1, 1022),
(1, 'SPP', '2022-07-05', 1, 1023),
(1, 'SPP', '2022-07-05', 1, 1024),
(1, 'SPP', '2022-07-05', 1, 1025),
(1, 'SPP', '2022-07-05', 1, 1026),
(1, 'SPP', '2022-07-05', 1, 1027),
(1, 'SPP', '2022-07-05', 1, 1028),
(1, 'SPP', '2022-07-05', 1, 1029),
(1, 'SPP', '2022-07-05', 1, 1030),
(1, 'SPP', '2022-07-05', 1, 1031),
(1, 'SPP', '2022-07-05', 1, 1032),
(1, 'SPP', '2022-07-05', 1, 1033),
(1, 'SPP', '2022-07-05', 1, 1034),
(1, 'SPP', '2022-07-05', 1, 1035),
(1, 'SPP', '2022-07-05', 1, 1036),
(1, 'SPP', '2022-07-05', 1, 1037),
(1, 'SPP', '2022-07-05', 1, 1038),
(1, 'SPP', '2022-07-05', 1, 1039),
(1, 'SPP', '2022-07-05', 1, 1040),
(1, 'SPP', '2022-07-05', 1, 1041),
(1, 'SPP', '2022-07-05', 1, 1042),
(1, 'SPP', '2022-07-05', 1, 1043),
(1, 'SPP', '2022-07-05', 1, 1044),
(1, 'SPP', '2022-07-05', 1, 1045),
(1, 'SPP', '2022-07-05', 1, 1046),
(1, 'SPP', '2022-07-05', 1, 1047),
(1, 'SPP', '2022-07-05', 1, 1048),
(1, 'SPP', '2022-07-05', 1, 1049),
(1, 'SPP', '2022-07-05', 1, 1050),
(1, 'SPP', '2022-07-05', 1, 1051),
(1, 'SPP', '2022-07-05', 1, 1052),
(1, 'SPP', '2022-07-05', 1, 1053),
(1, 'SPP', '2022-07-05', 1, 1054),
(1, 'SPP', '2022-07-05', 1, 1055),
(1, 'SPP', '2022-07-05', 1, 1056),
(1, 'SPP', '2022-07-05', 1, 1057),
(1, 'SPP', '2022-07-05', 1, 1058),
(1, 'SPP', '2022-07-05', 1, 1059),
(1, 'SPP', '2022-07-05', 1, 1060),
(1, 'SPP', '2022-07-05', 1, 1061),
(1, 'SPP', '2022-07-05', 1, 1062),
(1, 'SPP', '2022-07-05', 1, 1063),
(1, 'SPP', '2022-07-05', 1, 1064),
(1, 'SPP', '2022-07-05', 1, 1065),
(1, 'SPP', '2022-07-05', 1, 1066),
(1, 'SPP', '2022-07-05', 1, 1067),
(1, 'SPP', '2022-07-05', 1, 1068),
(1, 'SPP', '2022-07-05', 1, 1069),
(1, 'SPP', '2022-07-05', 1, 1070),
(1, 'SPP', '2022-07-05', 1, 1071),
(1, 'SPP', '2022-07-05', 1, 1072),
(1, 'SPP', '2022-07-05', 1, 1073),
(1, 'SPP', '2022-07-05', 1, 1074),
(1, 'SPP', '2022-07-05', 1, 1075),
(1, 'SPP', '2022-07-05', 1, 1076),
(1, 'SPP', '2022-07-05', 1, 1077),
(1, 'SPP', '2022-07-05', 1, 1078),
(1, 'SPP', '2022-07-05', 1, 1079),
(1, 'SPP', '2022-07-05', 1, 1080),
(1, 'SPP', '2022-07-05', 1, 1081),
(1, 'SPP', '2022-07-05', 1, 1082),
(1, 'SPP', '2022-07-05', 1, 1083),
(1, 'SPP', '2022-07-05', 1, 1084),
(1, 'SPP', '2022-07-05', 1, 1085),
(1, 'SPP', '2022-07-05', 1, 1086),
(1, 'SPP', '2022-07-05', 1, 1087),
(1, 'SPP', '2022-07-05', 1, 1088),
(1, 'SPP', '2022-07-05', 1, 1089),
(1, 'SPP', '2022-07-05', 1, 1090),
(1, 'SPP', '2022-07-05', 1, 1091),
(1, 'SPP', '2022-07-05', 1, 1092),
(1, 'SPP', '2022-07-05', 1, 1093),
(1, 'SPP', '2022-07-05', 1, 1094),
(1, 'SPP', '2022-07-05', 1, 1095),
(1, 'SPP', '2022-07-05', 1, 1096),
(1, 'SPP', '2022-07-05', 1, 1097),
(1, 'SPP', '2022-07-05', 1, 1098),
(1, 'SPP', '2022-07-05', 1, 1099),
(1, 'SPP', '2022-07-05', 1, 1100),
(1, 'SPP', '2022-07-05', 1, 1101),
(1, 'SPP', '2022-07-05', 1, 1102),
(1, 'SPP', '2022-07-05', 1, 1103),
(1, 'SPP', '2022-07-05', 1, 1104),
(1, 'SPP', '2022-07-05', 1, 1105),
(1, 'SPP', '2022-07-05', 1, 1106),
(1, 'SPP', '2022-07-05', 1, 1107),
(1, 'SPP', '2022-07-05', 1, 1108),
(1, 'SPP', '2022-07-05', 1, 1109),
(1, 'SPP', '2022-07-05', 1, 1110),
(1, 'SPP', '2022-07-05', 1, 1111),
(1, 'SPP', '2022-07-05', 1, 1112),
(1, 'SPP', '2022-07-05', 1, 1113),
(1, 'SPP', '2022-07-05', 1, 1114),
(1, 'SPP', '2022-07-05', 1, 1115),
(1, 'SPP', '2022-07-05', 1, 1116),
(1, 'SPP', '2022-07-05', 1, 1117),
(1, 'SPP', '2022-07-05', 1, 1118),
(1, 'SPP', '2022-07-05', 1, 1119),
(1, 'SPP', '2022-07-05', 1, 1120),
(1, 'SPP', '2022-07-05', 1, 1121),
(1, 'SPP', '2022-07-05', 1, 1122),
(1, 'SPP', '2022-07-05', 1, 1123),
(1, 'SPP', '2022-07-05', 1, 1124),
(1, 'SPP', '2022-07-05', 1, 1125),
(1, 'SPP', '2022-07-05', 1, 1126),
(1, 'SPP', '2022-07-05', 1, 1127),
(1, 'SPP', '2022-07-05', 1, 1128),
(1, 'SPP', '2022-07-05', 1, 1129),
(1, 'SPP', '2022-07-05', 1, 1130),
(1, 'SPP', '2022-07-05', 1, 1131),
(1, 'SPP', '2022-07-05', 1, 1132),
(1, 'SPP', '2022-07-05', 1, 1133),
(1, 'SPP', '2022-07-05', 1, 1134),
(1, 'SPP', '2022-07-05', 1, 1135),
(1, 'SPP', '2022-07-05', 1, 1136),
(1, 'SPP', '2022-07-05', 1, 1137),
(1, 'SPP', '2022-07-05', 1, 1138),
(1, 'SPP', '2022-07-05', 1, 1139),
(1, 'SPP', '2022-07-05', 1, 1140),
(1, 'SPP', '2022-07-05', 1, 1141),
(1, 'SPP', '2022-07-05', 1, 1142),
(1, 'SPP', '2022-07-05', 1, 1143),
(1, 'SPP', '2022-07-05', 1, 1144),
(1, 'SPP', '2022-07-05', 1, 1145),
(1, 'SPP', '2022-07-05', 1, 1146),
(1, 'SPP', '2022-07-05', 1, 1147),
(1, 'SPP', '2022-07-05', 1, 1148),
(1, 'SPP', '2022-07-05', 1, 1149),
(1, 'SPP', '2022-07-05', 1, 1150),
(1, 'SPP', '2022-07-05', 1, 1151),
(1, 'SPP', '2022-07-05', 1, 1152),
(1, 'SPP', '2022-07-05', 1, 1153),
(1, 'SPP', '2022-07-05', 1, 1154),
(1, 'SPP', '2022-07-05', 1, 1155),
(1, 'SPP', '2022-07-05', 1, 1156),
(1, 'SPP', '2022-07-05', 1, 1157),
(1, 'SPP', '2022-07-05', 1, 1158),
(1, 'SPP', '2022-07-05', 1, 1159),
(1, 'SPP', '2022-07-05', 1, 1160),
(1, 'SPP', '2022-07-05', 1, 1161),
(1, 'SPP', '2022-07-05', 1, 1162),
(1, 'SPP', '2022-07-05', 1, 1163),
(1, 'SPP', '2022-07-05', 1, 1164),
(1, 'SPP', '2022-07-05', 1, 1165),
(1, 'SPP', '2022-07-05', 1, 1166),
(1, 'SPP', '2022-07-05', 1, 1167),
(1, 'SPP', '2022-07-05', 1, 1168),
(1, 'SPP', '2022-07-05', 1, 1169),
(1, 'SPP', '2022-07-05', 1, 1170),
(1, 'SPP', '2022-07-05', 1, 1171),
(1, 'SPP', '2022-07-05', 1, 1172),
(1, 'SPP', '2022-07-05', 1, 1173),
(1, 'SPP', '2022-07-05', 1, 1174),
(1, 'SPP', '2022-07-05', 1, 1175),
(1, 'SPP', '2022-07-05', 1, 1176),
(1, 'SPP', '2022-07-05', 1, 1177),
(1, 'SPP', '2022-07-05', 1, 1178),
(1, 'SPP', '2022-07-05', 1, 1179),
(1, 'SPP', '2022-07-05', 1, 1180),
(1, 'SPP', '2022-07-05', 1, 1181),
(1, 'SPP', '2022-07-05', 1, 1182),
(1, 'SPP', '2022-07-05', 1, 1183),
(1, 'SPP', '2022-07-05', 1, 1184),
(1, 'SPP', '2022-07-05', 1, 1185),
(1, 'SPP', '2022-07-05', 1, 1186),
(1, 'SPP', '2022-07-05', 1, 1187),
(1, 'SPP', '2022-07-05', 1, 1188),
(1, 'SPP', '2022-07-05', 1, 1189),
(1, 'SPP', '2022-07-05', 1, 1190),
(1, 'SPP', '2022-07-05', 1, 1191),
(1, 'SPP', '2022-07-05', 1, 1192),
(1, 'SPP', '2022-07-05', 1, 1193),
(1, 'SPP', '2022-07-05', 1, 1194),
(1, 'SPP', '2022-07-05', 1, 1195),
(1, 'SPP', '2022-07-05', 1, 1196),
(1, 'SPP', '2022-07-05', 1, 1197),
(1, 'SPP', '2022-07-05', 1, 1198),
(1, 'SPP', '2022-07-05', 1, 1199),
(1, 'SPP', '2022-07-05', 1, 1200),
(1, 'SPP', '2022-07-05', 1, 1201),
(1, 'SPP', '2022-07-05', 1, 1202),
(1, 'SPP', '2022-07-05', 1, 1203),
(1, 'SPP', '2022-07-05', 1, 1204),
(1, 'SPP', '2022-07-05', 1, 1205),
(1, 'SPP', '2022-07-05', 1, 1206),
(1, 'SPP', '2022-07-05', 1, 1207),
(1, 'SPP', '2022-07-05', 1, 1208),
(1, 'SPP', '2022-07-05', 1, 1209),
(1, 'SPP', '2022-07-05', 1, 1210),
(1, 'SPP', '2022-07-05', 1, 1211),
(1, 'SPP', '2022-07-05', 1, 1212),
(1, 'SPP', '2022-07-05', 1, 1213),
(1, 'SPP', '2022-07-05', 1, 1214),
(1, 'SPP', '2022-07-05', 1, 1215),
(1, 'SPP', '2022-07-05', 1, 1216),
(1, 'SPP', '2022-07-05', 1, 1217),
(1, 'SPP', '2022-07-05', 1, 1218),
(1, 'SPP', '2022-07-05', 1, 1219),
(1, 'SPP', '2022-07-05', 1, 1220),
(1, 'SPP', '2022-07-05', 1, 1221),
(1, 'SPP', '2022-07-05', 1, 1222),
(1, 'SPP', '2022-07-05', 1, 1223),
(1, 'SPP', '2022-07-05', 1, 1224),
(1, 'SPP', '2022-07-05', 1, 1225),
(1, 'SPP', '2022-07-05', 1, 1226),
(1, 'SPP', '2022-07-05', 1, 1227),
(1, 'SPP', '2022-07-05', 1, 1228),
(1, 'SPP', '2022-07-05', 1, 1229),
(1, 'SPP', '2022-07-05', 1, 1230),
(1, 'SPP', '2022-07-05', 1, 1231),
(1, 'SPP', '2022-07-05', 1, 1232),
(1, 'SPP', '2022-07-05', 1, 1233),
(1, 'SPP', '2022-07-05', 1, 1234),
(1, 'SPP', '2022-07-05', 1, 1235),
(1, 'SPP', '2022-07-05', 1, 1236),
(1, 'SPP', '2022-07-05', 1, 1237),
(1, 'SPP', '2022-07-05', 1, 1238),
(1, 'SPP', '2022-07-05', 1, 1239),
(1, 'SPP', '2022-07-05', 1, 1240),
(1, 'SPP', '2022-07-05', 1, 1241),
(1, 'SPP', '2022-07-05', 1, 1242),
(1, 'SPP', '2022-07-05', 1, 1243),
(1, 'SPP', '2022-07-05', 1, 1244),
(1, 'SPP', '2022-07-05', 1, 1245),
(1, 'SPP', '2022-07-05', 1, 1246),
(1, 'SPP', '2022-07-05', 1, 1247),
(1, 'SPP', '2022-07-05', 1, 1248),
(1, 'SPP', '2022-07-05', 1, 1249),
(1, 'SPP', '2022-07-05', 1, 1250),
(1, 'SPP', '2022-07-05', 1, 1251),
(1, 'SPP', '2022-07-05', 1, 1252),
(1, 'SPP', '2022-07-05', 1, 1253),
(1, 'SPP', '2022-07-05', 1, 1254),
(1, 'SPP', '2022-07-05', 1, 1255),
(1, 'SPP', '2022-07-05', 1, 1256),
(1, 'SPP', '2022-07-05', 1, 1257),
(1, 'SPP', '2022-07-05', 1, 1258),
(1, 'SPP', '2022-07-05', 1, 1259),
(1, 'SPP', '2022-07-05', 1, 1260),
(1, 'SPP', '2022-07-05', 1, 1261),
(1, 'SPP', '2022-07-05', 1, 1262),
(1, 'SPP', '2022-07-05', 1, 1263),
(1, 'SPP', '2022-07-05', 1, 1264),
(1, 'SPP', '2022-07-05', 1, 1265),
(1, 'SPP', '2022-07-05', 1, 1266),
(1, 'SPP', '2022-07-05', 1, 1267),
(1, 'SPP', '2022-07-05', 1, 1268),
(1, 'SPP', '2022-07-05', 1, 1269),
(1, 'SPP', '2022-07-05', 1, 1270),
(1, 'SPP', '2022-07-05', 1, 1271),
(1, 'SPP', '2022-07-05', 1, 1272),
(1, 'SPP', '2022-07-05', 1, 1273),
(1, 'SPP', '2022-07-05', 1, 1274),
(1, 'SPP', '2022-07-05', 1, 1275),
(1, 'SPP', '2022-07-05', 1, 1276),
(1, 'SPP', '2022-07-05', 1, 1277),
(1, 'SPP', '2022-07-05', 1, 1278),
(1, 'SPP', '2022-07-05', 1, 1279),
(1, 'SPP', '2022-07-05', 1, 1280),
(1, 'SPP', '2022-07-05', 1, 1281),
(1, 'SPP', '2022-07-05', 1, 1282),
(1, 'SPP', '2022-07-05', 1, 1283),
(1, 'SPP', '2022-07-05', 1, 1284),
(1, 'SPP', '2022-07-05', 1, 1285),
(1, 'SPP', '2022-07-05', 1, 1286),
(1, 'SPP', '2022-07-05', 1, 1287),
(1, 'SPP', '2022-07-05', 1, 1288),
(1, 'SPP', '2022-07-05', 1, 1289),
(1, 'SPP', '2022-07-05', 1, 1290),
(1, 'SPP', '2022-07-05', 1, 1291),
(1, 'SPP', '2022-07-05', 1, 1292),
(1, 'SPP', '2022-07-05', 1, 1293),
(1, 'SPP', '2022-07-05', 1, 1294),
(1, 'SPP', '2022-07-05', 1, 1295),
(1, 'SPP', '2022-07-05', 1, 1296),
(1, 'SPP', '2022-07-05', 1, 1297),
(1, 'SPP', '2022-07-05', 1, 1298),
(1, 'SPP', '2022-07-05', 1, 1299),
(1, 'SPP', '2022-07-05', 1, 1300),
(1, 'SPP', '2022-07-05', 1, 1301),
(1, 'SPP', '2022-07-05', 1, 1302),
(1, 'SPP', '2022-07-05', 1, 1303),
(1, 'SPP', '2022-07-05', 1, 1304),
(1, 'SPP', '2022-07-05', 1, 1305),
(1, 'SPP', '2022-07-05', 1, 1306),
(1, 'SPP', '2022-07-05', 1, 1307),
(1, 'SPP', '2022-07-05', 1, 1308),
(1, 'SPP', '2022-07-05', 1, 1309),
(1, 'SPP', '2022-07-05', 1, 1310),
(1, 'SPP', '2022-07-05', 1, 1311),
(1, 'SPP', '2022-07-05', 1, 1312),
(1, 'SPP', '2022-07-05', 1, 1313),
(1, 'SPP', '2022-07-05', 1, 1314),
(1, 'SPP', '2022-07-05', 1, 1315),
(1, 'SPP', '2022-07-05', 1, 1316),
(1, 'SPP', '2022-07-05', 1, 1317),
(1, 'SPP', '2022-07-05', 1, 1318),
(1, 'SPP', '2022-07-05', 1, 1319),
(1, 'SPP', '2022-07-05', 1, 1320),
(1, 'SPP', '2022-07-05', 1, 1321),
(1, 'SPP', '2022-07-05', 1, 1322),
(1, 'SPP', '2022-07-05', 1, 1323),
(1, 'SPP', '2022-07-05', 1, 1324),
(1, 'SPP', '2022-07-05', 1, 1325),
(1, 'SPP', '2022-07-05', 1, 1326),
(1, 'SPP', '2022-07-05', 1, 1327),
(1, 'SPP', '2022-07-05', 1, 1328),
(1, 'SPP', '2022-07-05', 1, 1329),
(1, 'SPP', '2022-07-05', 1, 1330),
(1, 'SPP', '2022-07-05', 1, 1331),
(1, 'SPP', '2022-07-05', 1, 1332),
(1, 'SPP', '2022-07-05', 1, 1333),
(1, 'SPP', '2022-07-05', 1, 1334),
(1, 'SPP', '2022-07-05', 1, 1335),
(1, 'SPP', '2022-07-05', 1, 1336),
(1, 'SPP', '2022-07-05', 1, 1337),
(1, 'SPP', '2022-07-05', 1, 1338),
(1, 'SPP', '2022-07-05', 1, 1339),
(1, 'SPP', '2022-07-05', 1, 1340),
(1, 'SPP', '2022-07-05', 1, 1341),
(1, 'SPP', '2022-07-05', 1, 1342),
(1, 'SPP', '2022-07-05', 1, 1343),
(1, 'SPP', '2022-07-05', 1, 1344),
(1, 'SPP', '2022-07-05', 1, 1345),
(1, 'SPP', '2022-07-05', 1, 1346),
(1, 'SPP', '2022-07-05', 1, 1347),
(1, 'SPP', '2022-07-05', 1, 1348),
(1, 'SPP', '2022-07-05', 1, 1349),
(1, 'SPP', '2022-07-05', 1, 1350),
(1, 'SPP', '2022-07-05', 1, 1351),
(1, 'SPP', '2022-07-05', 1, 1352),
(1, 'SPP', '2022-07-05', 1, 1353),
(1, 'SPP', '2022-07-05', 1, 1354),
(1, 'SPP', '2022-07-05', 1, 1355),
(1, 'SPP', '2022-07-05', 1, 1356),
(1, 'SPP', '2022-07-05', 1, 1357),
(1, 'SPP', '2022-07-05', 1, 1358),
(1, 'SPP', '2022-07-05', 1, 1359),
(1, 'SPP', '2022-07-05', 1, 1360),
(1, 'SPP', '2022-07-05', 1, 1361),
(1, 'SPP', '2022-07-05', 1, 1362),
(1, 'SPP', '2022-07-05', 1, 1363),
(1, 'SPP', '2022-07-05', 1, 1364),
(1, 'SPP', '2022-07-05', 1, 1365),
(1, 'SPP', '2022-07-05', 1, 1366),
(1, 'SPP', '2022-07-05', 1, 1367),
(1, 'SPP', '2022-07-05', 1, 1368),
(1, 'SPP', '2022-07-05', 1, 1369),
(1, 'SPP', '2022-07-05', 1, 1370),
(1, 'SPP', '2022-07-05', 1, 1371),
(1, 'SPP', '2022-07-05', 1, 1372),
(1, 'SPP', '2022-07-05', 1, 1373),
(1, 'SPP', '2022-07-05', 1, 1374),
(1, 'SPP', '2022-07-05', 1, 1375),
(1, 'SPP', '2022-07-05', 1, 1376),
(1, 'SPP', '2022-07-05', 1, 1377),
(1, 'SPP', '2022-07-05', 1, 1378),
(1, 'SPP', '2022-07-05', 1, 1379),
(1, 'SPP', '2022-07-05', 1, 1380),
(1, 'SPP', '2022-07-05', 1, 1381),
(1, 'SPP', '2022-07-05', 1, 1382),
(1, 'SPP', '2022-07-05', 1, 1383),
(1, 'SPP', '2022-07-05', 1, 1384),
(1, 'SPP', '2022-07-05', 1, 1385),
(1, 'SPP', '2022-07-05', 1, 1386),
(1, 'SPP', '2022-07-05', 1, 1387),
(1, 'SPP', '2022-07-05', 1, 1388),
(1, 'SPP', '2022-07-05', 1, 1389),
(1, 'SPP', '2022-07-05', 1, 1390),
(1, 'SPP', '2022-07-05', 1, 1391),
(1, 'SPP', '2022-07-05', 1, 1392),
(1, 'SPP', '2022-07-05', 1, 1393),
(1, 'SPP', '2022-07-05', 1, 1394),
(1, 'SPP', '2022-07-05', 1, 1395),
(1, 'SPP', '2022-07-05', 1, 1396),
(1, 'SPP', '2022-07-05', 1, 1397),
(1, 'SPP', '2022-07-05', 1, 1398),
(1, 'SPP', '2022-07-05', 1, 1399),
(1, 'SPP', '2022-07-05', 1, 1400),
(1, 'SPP', '2022-07-05', 1, 1401),
(1, 'SPP', '2022-07-05', 1, 1402),
(1, 'SPP', '2022-07-05', 1, 1403),
(1, 'SPP', '2022-07-05', 1, 1404),
(1, 'SPP', '2022-07-05', 1, 1405),
(1, 'SPP', '2022-07-05', 1, 1406),
(1, 'SPP', '2022-07-05', 1, 1407),
(1, 'SPP', '2022-07-05', 1, 1408),
(1, 'SPP', '2022-07-05', 1, 1409),
(1, 'SPP', '2022-07-05', 1, 1410),
(1, 'SPP', '2022-07-05', 1, 1411),
(1, 'SPP', '2022-07-05', 1, 1412),
(1, 'SPP', '2022-07-05', 1, 1413),
(1, 'SPP', '2022-07-05', 1, 1414),
(1, 'SPP', '2022-07-05', 1, 1415),
(1, 'SPP', '2022-07-05', 1, 1416),
(1, 'SPP', '2022-07-05', 1, 1417),
(1, 'SPP', '2022-07-05', 1, 1418),
(1, 'SPP', '2022-07-05', 1, 1419),
(1, 'SPP', '2022-07-05', 1, 1420),
(1, 'SPP', '2022-07-05', 1, 1421),
(1, 'SPP', '2022-07-05', 1, 1422),
(1, 'SPP', '2022-07-05', 1, 1423),
(1, 'SPP', '2022-07-05', 1, 1424),
(1, 'SPP', '2022-07-05', 1, 1425),
(1, 'SPP', '2022-07-05', 1, 1426),
(1, 'SPP', '2022-07-05', 1, 1427),
(1, 'SPP', '2022-07-05', 1, 1428),
(1, 'SPP', '2022-07-05', 1, 1429),
(1, 'SPP', '2022-07-05', 1, 1430),
(1, 'SPP', '2022-07-05', 1, 1431),
(1, 'SPP', '2022-07-05', 1, 1432),
(1, 'SPP', '2022-07-05', 1, 1433),
(1, 'SPP', '2022-07-05', 1, 1434),
(1, 'SPP', '2022-07-05', 1, 1435),
(1, 'SPP', '2022-07-05', 1, 1436),
(1, 'SPP', '2022-07-05', 1, 1437),
(1, 'SPP', '2022-07-05', 1, 1438),
(1, 'SPP', '2022-07-05', 1, 1439),
(1, 'SPP', '2022-07-05', 1, 1440),
(1, 'SPP', '2022-07-05', 1, 1441),
(1, 'SPP', '2022-07-05', 1, 1442),
(1, 'SPP', '2022-07-05', 1, 1443),
(1, 'SPP', '2022-07-05', 1, 1444),
(1, 'SPP', '2022-07-05', 1, 1445),
(1, 'SPP', '2022-07-05', 1, 1446),
(1, 'SPP', '2022-07-05', 1, 1447),
(1, 'SPP', '2022-07-05', 1, 1448),
(1, 'SPP', '2022-07-05', 1, 1449),
(1, 'SPP', '2022-07-05', 1, 1450),
(1, 'SPP', '2022-07-05', 1, 1451),
(1, 'SPP', '2022-07-05', 1, 1452),
(1, 'SPP', '2022-07-05', 1, 1453),
(1, 'SPP', '2022-07-05', 1, 1454),
(1, 'SPP', '2022-07-05', 1, 1455),
(1, 'SPP', '2022-07-05', 1, 1456),
(1, 'SPP', '2022-07-05', 1, 1457),
(1, 'SPP', '2022-07-05', 1, 1458),
(1, 'SPP', '2022-07-05', 1, 1459),
(1, 'SPP', '2022-07-05', 1, 1460),
(1, 'SPP', '2022-07-05', 1, 1461),
(1, 'SPP', '2022-07-05', 1, 1462),
(1, 'SPP', '2022-07-05', 1, 1463),
(1, 'SPP', '2022-07-05', 1, 1464),
(1, 'SPP', '2022-07-05', 1, 1465),
(1, 'SPP', '2022-07-05', 1, 1466),
(1, 'SPP', '2022-07-05', 1, 1467),
(1, 'SPP', '2022-07-05', 1, 1468),
(1, 'SPP', '2022-07-05', 1, 1469),
(1, 'SPP', '2022-07-05', 1, 1470),
(1, 'SPP', '2022-07-05', 1, 1471),
(1, 'SPP', '2022-07-05', 1, 1472),
(1, 'SPP', '2022-07-05', 1, 1473),
(1, 'SPP', '2022-07-05', 1, 1474),
(1, 'SPP', '2022-07-05', 1, 1475),
(1, 'SPP', '2022-07-05', 1, 1476),
(1, 'SPP', '2022-07-05', 1, 1477),
(1, 'SPP', '2022-07-05', 1, 1478),
(1, 'SPP', '2022-07-05', 1, 1479),
(1, 'SPP', '2022-07-05', 1, 1480),
(1, 'SPP', '2022-07-05', 1, 1481),
(1, 'SPP', '2022-07-05', 1, 1482),
(1, 'SPP', '2022-07-05', 1, 1483),
(1, 'SPP', '2022-07-05', 1, 1484),
(1, 'SPP', '2022-07-05', 1, 1485),
(1, 'SPP', '2022-07-05', 1, 1486),
(1, 'SPP', '2022-07-05', 1, 1487),
(1, 'SPP', '2022-07-05', 1, 1488),
(1, 'SPP', '2022-07-05', 1, 1489),
(1, 'SPP', '2022-07-05', 1, 1490),
(1, 'SPP', '2022-07-05', 1, 1491),
(1, 'SPP', '2022-07-05', 1, 1492),
(1, 'SPP', '2022-07-05', 1, 1493),
(1, 'SPP', '2022-07-05', 1, 1494),
(1, 'SPP', '2022-07-05', 1, 1495),
(1, 'SPP', '2022-07-05', 1, 1496),
(1, 'SPP', '2022-07-05', 1, 1497),
(1, 'SPP', '2022-07-05', 1, 1498),
(1, 'SPP', '2022-07-05', 1, 1499),
(1, 'SPP', '2022-07-05', 1, 1500),
(1, 'SPP', '2022-07-05', 1, 1501),
(1, 'SPP', '2022-07-05', 1, 1502),
(1, 'SPP', '2022-07-05', 1, 1503),
(1, 'SPP', '2022-07-05', 1, 1504),
(1, 'SPP', '2022-07-05', 1, 1505),
(1, 'SPP', '2022-07-05', 1, 1506),
(1, 'SPP', '2022-07-05', 1, 1507),
(1, 'SPP', '2022-07-05', 1, 1508),
(1, 'SPP', '2022-07-05', 1, 1509),
(1, 'SPP', '2022-07-05', 1, 1510),
(1, 'SPP', '2022-07-05', 1, 1511),
(1, 'SPP', '2022-07-05', 1, 1512),
(1, 'SPP', '2022-07-05', 1, 1513),
(1, 'SPP', '2022-07-05', 1, 1514),
(1, 'SPP', '2022-07-05', 1, 1515),
(1, 'SPP', '2022-07-05', 1, 1516),
(1, 'SPP', '2022-07-05', 1, 1517),
(1, 'SPP', '2022-07-05', 1, 1518),
(1, 'SPP', '2022-07-05', 1, 1519),
(1, 'SPP', '2022-07-05', 1, 1520),
(1, 'SPP', '2022-07-05', 1, 1521),
(1, 'SPP', '2022-07-05', 1, 1522),
(1, 'SPP', '2022-07-05', 1, 1523),
(1, 'SPP', '2022-07-05', 1, 1524),
(1, 'SPP', '2022-07-05', 1, 1525),
(1, 'SPP', '2022-07-05', 1, 1526),
(1, 'SPP', '2022-07-05', 1, 1527),
(1, 'SPP', '2022-07-05', 1, 1528),
(1, 'SPP', '2022-07-05', 1, 1529),
(1, 'SPP', '2022-07-05', 1, 1530),
(1, 'SPP', '2022-07-05', 1, 1531),
(1, 'SPP', '2022-07-05', 1, 1532),
(1, 'SPP', '2022-07-05', 1, 1533),
(1, 'SPP', '2022-07-05', 1, 1534),
(1, 'SPP', '2022-07-05', 1, 1535),
(1, 'SPP', '2022-07-05', 1, 1536),
(1, 'SPP', '2022-07-05', 1, 1537),
(1, 'SPP', '2022-07-05', 1, 1538),
(1, 'SPP', '2022-07-05', 1, 1539),
(1, 'SPP', '2022-07-05', 1, 1540),
(1, 'SPP', '2022-07-05', 1, 1541),
(1, 'SPP', '2022-07-05', 1, 1542),
(1, 'SPP', '2022-07-05', 1, 1543),
(1, 'SPP', '2022-07-05', 1, 1544),
(1, 'SPP', '2022-07-05', 1, 1545),
(1, 'SPP', '2022-07-05', 1, 1546);
INSERT INTO `clientsorders` (`cID`, `foodID`, `orderDate`, `quantity`, `orderID`) VALUES
(1, 'SPP', '2022-07-05', 1, 1547),
(1, 'SPP', '2022-07-05', 1, 1548),
(1, 'SPP', '2022-07-05', 1, 1549),
(1, 'SPP', '2022-07-05', 1, 1550),
(1, 'SPP', '2022-07-05', 1, 1551),
(1, 'SPP', '2022-07-05', 1, 1552),
(1, 'SPP', '2022-07-05', 1, 1553),
(1, 'SPP', '2022-07-05', 1, 1554),
(1, 'SPP', '2022-07-05', 1, 1555),
(1, 'SPP', '2022-07-05', 1, 1556),
(1, 'SPP', '2022-07-05', 1, 1557),
(1, 'SPP', '2022-07-05', 1, 1558),
(1, 'SPP', '2022-07-05', 1, 1559),
(1, 'SPP', '2022-07-05', 1, 1560),
(1, 'SPP', '2022-07-05', 1, 1561),
(1, 'SPP', '2022-07-05', 1, 1562),
(1, 'SPP', '2022-07-05', 1, 1563),
(1, 'SPP', '2022-07-05', 1, 1564),
(1, 'SPP', '2022-07-05', 1, 1565),
(1, 'SPP', '2022-07-05', 1, 1566),
(1, 'SPP', '2022-07-05', 1, 1567),
(1, 'SPP', '2022-07-05', 1, 1568),
(1, 'SPP', '2022-07-05', 1, 1569),
(1, 'SPP', '2022-07-05', 1, 1570),
(1, 'SPP', '2022-07-05', 1, 1571),
(1, 'SPP', '2022-07-05', 1, 1572),
(1, 'SPP', '2022-07-05', 1, 1573),
(1, 'SPP', '2022-07-05', 1, 1574),
(1, 'SPP', '2022-07-05', 1, 1575),
(1, 'SPP', '2022-07-05', 1, 1576),
(1, 'SPP', '2022-07-05', 1, 1577),
(1, 'SPP', '2022-07-05', 1, 1578),
(1, 'SPP', '2022-07-05', 1, 1579),
(1, 'SPP', '2022-07-05', 1, 1580),
(1, 'SPP', '2022-07-05', 1, 1581),
(1, 'SPP', '2022-07-05', 1, 1582),
(1, 'SPP', '2022-07-05', 1, 1583),
(1, 'SPP', '2022-07-05', 1, 1584),
(1, 'SPP', '2022-07-05', 1, 1585),
(1, 'SPP', '2022-07-05', 1, 1586),
(1, 'SPP', '2022-07-05', 1, 1587),
(1, 'SPP', '2022-07-05', 1, 1588),
(1, 'SPP', '2022-07-05', 1, 1589),
(1, 'SPP', '2022-07-05', 1, 1590),
(1, 'SPP', '2022-07-05', 1, 1591),
(1, 'SPP', '2022-07-05', 1, 1592),
(1, 'SPP', '2022-07-05', 1, 1593),
(1, 'SPP', '2022-07-05', 1, 1594),
(1, 'SPP', '2022-07-05', 1, 1595),
(1, 'SPP', '2022-07-05', 1, 1596),
(1, 'SPP', '2022-07-05', 1, 1597),
(1, 'SPP', '2022-07-05', 1, 1598),
(1, 'SPP', '2022-07-05', 1, 1599),
(1, 'SPP', '2022-07-05', 1, 1600),
(1, 'SPP', '2022-07-05', 1, 1601),
(1, 'SPP', '2022-07-05', 1, 1602),
(1, 'SPP', '2022-07-05', 1, 1603),
(1, 'SPP', '2022-07-05', 1, 1604),
(1, 'SPP', '2022-07-05', 1, 1605),
(1, 'SPP', '2022-07-05', 1, 1606),
(1, 'SPP', '2022-07-05', 1, 1607),
(1, 'SPP', '2022-07-05', 1, 1608),
(1, 'SPP', '2022-07-05', 1, 1609),
(1, 'SPP', '2022-07-05', 1, 1610),
(1, 'SPP', '2022-07-05', 1, 1611),
(1, 'SPP', '2022-07-05', 1, 1612),
(1, 'SPP', '2022-07-05', 1, 1613),
(1, 'SPP', '2022-07-05', 1, 1614),
(1, 'SPP', '2022-07-05', 1, 1615),
(1, 'SPP', '2022-07-05', 1, 1616),
(1, 'SPP', '2022-07-05', 1, 1617),
(1, 'SPP', '2022-07-05', 1, 1618),
(1, 'SPP', '2022-07-05', 1, 1619),
(1, 'SPP', '2022-07-05', 1, 1620),
(1, 'SPP', '2022-07-05', 1, 1621),
(1, 'SPP', '2022-07-05', 1, 1622),
(1, 'SPP', '2022-07-05', 1, 1623),
(1, 'SPP', '2022-07-05', 1, 1624),
(1, 'SPP', '2022-07-05', 1, 1625),
(1, 'SPP', '2022-07-05', 1, 1626),
(1, 'SPP', '2022-07-05', 1, 1627),
(1, 'SPP', '2022-07-05', 1, 1628),
(1, 'SPP', '2022-07-05', 1, 1629),
(1, 'SPP', '2022-07-05', 1, 1630),
(1, 'SPP', '2022-07-05', 1, 1631),
(1, 'SPP', '2022-07-05', 1, 1632),
(1, 'SPP', '2022-07-05', 1, 1633),
(1, 'SPP', '2022-07-05', 1, 1634),
(1, 'SPP', '2022-07-05', 1, 1635),
(1, 'SPP', '2022-07-05', 1, 1636),
(1, 'SPP', '2022-07-05', 1, 1637),
(1, 'SPP', '2022-07-05', 1, 1638),
(1, 'SPP', '2022-07-05', 1, 1639),
(1, 'SPP', '2022-07-05', 1, 1640),
(1, 'SPP', '2022-07-05', 1, 1641),
(1, 'SPP', '2022-07-05', 1, 1642),
(1, 'SPP', '2022-07-05', 1, 1643),
(1, 'SPP', '2022-07-05', 1, 1644),
(1, 'SPP', '2022-07-05', 1, 1645),
(1, 'SPP', '2022-07-05', 1, 1646),
(1, 'SPP', '2022-07-05', 1, 1647),
(1, 'SPP', '2022-07-05', 1, 1648),
(1, 'SPP', '2022-07-05', 1, 1649),
(1, 'SPP', '2022-07-05', 1, 1650),
(1, 'SPP', '2022-07-05', 1, 1651),
(1, 'SPP', '2022-07-05', 1, 1652),
(1, 'SPP', '2022-07-05', 1, 1653),
(1, 'SPP', '2022-07-05', 1, 1654),
(1, 'SPP', '2022-07-05', 1, 1655),
(1, 'SPP', '2022-07-05', 1, 1656),
(1, 'SPP', '2022-07-05', 1, 1657),
(1, 'SPP', '2022-07-05', 1, 1658),
(1, 'SPP', '2022-07-05', 1, 1659),
(1, 'SPP', '2022-07-05', 1, 1660),
(1, 'SPP', '2022-07-05', 1, 1661),
(1, 'SPP', '2022-07-05', 1, 1662),
(1, 'SPP', '2022-07-05', 1, 1663),
(1, 'SPP', '2022-07-05', 1, 1664),
(1, 'SPP', '2022-07-05', 1, 1665),
(1, 'SPP', '2022-07-05', 1, 1666),
(1, 'SPP', '2022-07-05', 1, 1667),
(1, 'SPP', '2022-07-05', 1, 1668),
(1, 'SPP', '2022-07-05', 1, 1669),
(1, 'SPP', '2022-07-05', 1, 1670),
(1, 'SPP', '2022-07-05', 1, 1671),
(1, 'SPP', '2022-07-05', 1, 1672),
(1, 'SPP', '2022-07-05', 1, 1673),
(1, 'SPP', '2022-07-05', 1, 1674),
(1, 'SPP', '2022-07-05', 1, 1675),
(1, 'SPP', '2022-07-05', 1, 1676),
(1, 'SPP', '2022-07-05', 1, 1677),
(1, 'SPP', '2022-07-05', 1, 1678),
(1, 'SPP', '2022-07-05', 1, 1679),
(1, 'SPP', '2022-07-05', 1, 1680),
(1, 'SPP', '2022-07-05', 1, 1681),
(1, 'SPP', '2022-07-05', 1, 1682),
(1, 'SPP', '2022-07-05', 1, 1683),
(1, 'SPP', '2022-07-05', 1, 1684),
(1, 'SPP', '2022-07-05', 1, 1685),
(1, 'SPP', '2022-07-05', 1, 1686),
(1, 'SPP', '2022-07-05', 1, 1687),
(1, 'SPP', '2022-07-05', 1, 1688),
(1, 'SPP', '2022-07-05', 1, 1689),
(1, 'SPP', '2022-07-05', 1, 1690),
(1, 'SPP', '2022-07-05', 1, 1691),
(1, 'SPP', '2022-07-05', 1, 1692),
(1, 'SPP', '2022-07-05', 1, 1693),
(1, 'SPP', '2022-07-05', 1, 1694),
(1, 'SPP', '2022-07-05', 1, 1695),
(1, 'SPP', '2022-07-05', 1, 1696),
(1, 'SPP', '2022-07-05', 1, 1697),
(1, 'SPP', '2022-07-05', 1, 1698),
(1, 'SPP', '2022-07-05', 1, 1699),
(1, 'SPP', '2022-07-05', 1, 1700),
(1, 'SPP', '2022-07-05', 1, 1701),
(1, 'SPP', '2022-07-05', 1, 1702),
(1, 'SPP', '2022-07-05', 1, 1703),
(1, 'SPP', '2022-07-05', 1, 1704),
(1, 'SPP', '2022-07-05', 1, 1705),
(1, 'SPP', '2022-07-05', 1, 1706),
(1, 'SPP', '2022-07-05', 1, 1707),
(1, 'SPP', '2022-07-05', 1, 1708),
(1, 'SPP', '2022-07-05', 1, 1709),
(1, 'SPP', '2022-07-05', 1, 1710),
(1, 'SPP', '2022-07-05', 1, 1711),
(1, 'SPP', '2022-07-05', 1, 1712),
(1, 'SPP', '2022-07-05', 1, 1713),
(1, 'SPP', '2022-07-05', 1, 1714),
(1, 'SPP', '2022-07-05', 1, 1715),
(1, 'SPP', '2022-07-05', 1, 1716),
(1, 'SPP', '2022-07-05', 1, 1717),
(1, 'SPP', '2022-07-05', 1, 1718),
(1, 'SPP', '2022-07-05', 1, 1719),
(1, 'SPP', '2022-07-05', 1, 1720),
(1, 'SPP', '2022-07-05', 1, 1721),
(1, 'SPP', '2022-07-05', 1, 1722),
(1, 'SPP', '2022-07-05', 1, 1723),
(1, 'SPP', '2022-07-05', 1, 1724),
(1, 'SPP', '2022-07-05', 1, 1725),
(1, 'SPP', '2022-07-05', 1, 1726),
(1, 'SPP', '2022-07-05', 1, 1727),
(1, 'SPP', '2022-07-05', 1, 1728),
(1, 'SPP', '2022-07-05', 1, 1729),
(1, 'SPP', '2022-07-05', 1, 1730),
(1, 'SPP', '2022-07-05', 1, 1731),
(1, 'SPP', '2022-07-05', 1, 1732),
(1, 'SPP', '2022-07-05', 1, 1733),
(1, 'SPP', '2022-07-05', 1, 1734),
(1, 'SPP', '2022-07-05', 1, 1735),
(1, 'SPP', '2022-07-05', 1, 1736),
(1, 'SPP', '2022-07-05', 1, 1737),
(1, 'SPP', '2022-07-05', 1, 1738),
(1, 'SPP', '2022-07-05', 1, 1739),
(1, 'SPP', '2022-07-05', 1, 1740),
(1, 'SPP', '2022-07-05', 1, 1741),
(1, 'SPP', '2022-07-05', 1, 1742),
(1, 'SPP', '2022-07-05', 1, 1743),
(1, 'SPP', '2022-07-05', 1, 1744),
(1, 'SPP', '2022-07-05', 1, 1745),
(1, 'SPP', '2022-07-05', 1, 1746),
(1, 'SPP', '2022-07-05', 1, 1747),
(1, 'SPP', '2022-07-05', 1, 1748),
(1, 'SPP', '2022-07-05', 1, 1749),
(1, 'SPP', '2022-07-05', 1, 1750),
(1, 'SPP', '2022-07-05', 1, 1751),
(1, 'SPP', '2022-07-05', 1, 1752),
(1, 'SPP', '2022-07-05', 1, 1753),
(1, 'SPP', '2022-07-05', 1, 1754),
(1, 'SPP', '2022-07-05', 1, 1755),
(1, 'SPP', '2022-07-05', 1, 1756),
(1, 'SPP', '2022-07-05', 1, 1757),
(1, 'SPP', '2022-07-05', 1, 1758),
(1, 'SPP', '2022-07-05', 1, 1759),
(1, 'SPP', '2022-07-05', 1, 1760),
(1, 'SPP', '2022-07-05', 1, 1761),
(1, 'SPP', '2022-07-05', 1, 1762),
(1, 'SPP', '2022-07-05', 1, 1763),
(1, 'SPP', '2022-07-05', 1, 1764),
(1, 'SPP', '2022-07-05', 1, 1765),
(1, 'SPP', '2022-07-05', 1, 1766),
(1, 'SPP', '2022-07-05', 1, 1767),
(1, 'SPP', '2022-07-05', 1, 1768),
(1, 'SPP', '2022-07-05', 1, 1769),
(1, 'SPP', '2022-07-05', 1, 1770),
(1, 'SPP', '2022-07-05', 1, 1771),
(1, 'SPP', '2022-07-05', 1, 1772),
(1, 'SPP', '2022-07-05', 1, 1773),
(1, 'SPP', '2022-07-05', 1, 1774),
(1, 'SPP', '2022-07-05', 1, 1775),
(1, 'SPP', '2022-07-05', 1, 1776),
(1, 'SPP', '2022-07-05', 1, 1777),
(1, 'SPP', '2022-07-05', 1, 1778),
(1, 'SPP', '2022-07-05', 1, 1779),
(1, 'SPP', '2022-07-05', 1, 1780),
(1, 'SPP', '2022-07-05', 1, 1781),
(1, 'SPP', '2022-07-05', 1, 1782),
(1, 'SPP', '2022-07-05', 1, 1783),
(1, 'SPP', '2022-07-05', 1, 1784),
(1, 'SPP', '2022-07-05', 1, 1785),
(1, 'SPP', '2022-07-05', 1, 1786),
(1, 'SPP', '2022-07-05', 1, 1787),
(1, 'SPP', '2022-07-05', 1, 1788),
(1, 'SPP', '2022-07-05', 1, 1789),
(1, 'SPP', '2022-07-05', 1, 1790),
(1, 'SPP', '2022-07-05', 1, 1791),
(1, 'SPP', '2022-07-05', 1, 1792),
(1, 'SPP', '2022-07-05', 1, 1793),
(1, 'SPP', '2022-07-05', 1, 1794),
(1, 'SPP', '2022-07-05', 1, 1795),
(1, 'SPP', '2022-07-05', 1, 1796),
(1, 'SPP', '2022-07-05', 1, 1797),
(1, 'SPP', '2022-07-05', 1, 1798),
(1, 'SPP', '2022-07-05', 1, 1799),
(1, 'SPP', '2022-07-05', 1, 1800),
(1, 'SPP', '2022-07-05', 1, 1801),
(1, 'SPP', '2022-07-05', 1, 1802),
(1, 'SPP', '2022-07-05', 1, 1803),
(1, 'SPP', '2022-07-05', 1, 1804),
(1, 'SPP', '2022-07-05', 1, 1805),
(1, 'SPP', '2022-07-05', 1, 1806),
(1, 'SPP', '2022-07-05', 1, 1807),
(1, 'SPP', '2022-07-05', 1, 1808),
(1, 'SPP', '2022-07-05', 1, 1809),
(1, 'SPP', '2022-07-05', 1, 1810),
(1, 'SPP', '2022-07-05', 1, 1811),
(1, 'SPP', '2022-07-05', 1, 1812),
(1, 'SPP', '2022-07-05', 1, 1813),
(1, 'SPP', '2022-07-05', 1, 1814),
(1, 'SPP', '2022-07-05', 1, 1815),
(1, 'SPP', '2022-07-05', 1, 1816),
(1, 'SPP', '2022-07-05', 1, 1817),
(1, 'SPP', '2022-07-05', 1, 1818),
(1, 'SPP', '2022-07-05', 1, 1819),
(1, 'SPP', '2022-07-05', 1, 1820),
(1, 'SPP', '2022-07-05', 1, 1821),
(1, 'SPP', '2022-07-05', 1, 1822),
(1, 'SPP', '2022-07-05', 1, 1823),
(1, 'SPP', '2022-07-05', 1, 1824),
(1, 'SPP', '2022-07-05', 1, 1825),
(1, 'SPP', '2022-07-05', 1, 1826),
(1, 'SPP', '2022-07-05', 1, 1827),
(1, 'SPP', '2022-07-05', 1, 1828),
(1, 'SPP', '2022-07-05', 1, 1829),
(1, 'SPP', '2022-07-05', 1, 1830),
(1, 'SPP', '2022-07-05', 1, 1831),
(1, 'SPP', '2022-07-05', 1, 1832),
(1, 'SPP', '2022-07-05', 1, 1833),
(1, 'SPP', '2022-07-05', 1, 1834),
(1, 'SPP', '2022-07-05', 1, 1835),
(1, 'SPP', '2022-07-05', 1, 1836),
(1, 'SPP', '2022-07-05', 1, 1837),
(1, 'SPP', '2022-07-05', 1, 1838),
(1, 'SPP', '2022-07-05', 1, 1839),
(1, 'SPP', '2022-07-05', 1, 1840),
(1, 'SPP', '2022-07-05', 1, 1841),
(1, 'SPP', '2022-07-05', 1, 1842),
(1, 'SPP', '2022-07-05', 1, 1843),
(1, 'SPP', '2022-07-05', 1, 1844),
(1, 'SPP', '2022-07-05', 1, 1845),
(1, 'SPP', '2022-07-05', 1, 1846),
(1, 'SPP', '2022-07-05', 1, 1847),
(1, 'SPP', '2022-07-05', 1, 1848),
(1, 'SPP', '2022-07-05', 1, 1849),
(1, 'SPP', '2022-07-05', 1, 1850),
(1, 'SPP', '2022-07-05', 1, 1851),
(1, 'SPP', '2022-07-05', 1, 1852),
(1, 'SPP', '2022-07-05', 1, 1853),
(1, 'SPP', '2022-07-05', 1, 1854),
(1, 'SPP', '2022-07-05', 1, 1855),
(1, 'SPP', '2022-07-05', 1, 1856),
(1, 'SPP', '2022-07-05', 1, 1857),
(1, 'SPP', '2022-07-05', 1, 1858),
(1, 'SPP', '2022-07-05', 1, 1859),
(1, 'SPP', '2022-07-05', 1, 1860),
(1, 'SPP', '2022-07-05', 1, 1861),
(1, 'SPP', '2022-07-05', 1, 1862),
(1, 'SPP', '2022-07-05', 1, 1863),
(1, 'SPP', '2022-07-05', 1, 1864),
(1, 'SPP', '2022-07-05', 1, 1865),
(1, 'SPP', '2022-07-05', 1, 1866),
(1, 'SPP', '2022-07-05', 1, 1867),
(1, 'SPP', '2022-07-05', 1, 1868),
(1, 'SPP', '2022-07-05', 1, 1869),
(1, 'SPP', '2022-07-05', 1, 1870),
(1, 'SPP', '2022-07-05', 1, 1871);

-- --------------------------------------------------------

--
-- Table structure for table `foods`
--

CREATE TABLE `foods` (
  `fID` varchar(255) NOT NULL,
  `fName` varchar(255) NOT NULL,
  `fPrice` float NOT NULL,
  `categoryID` int(11) NOT NULL
) ENGINE=InnoDB DEFAULT CHARSET=utf8mb4;

--
-- Dumping data for table `foods`
--

INSERT INTO `foods` (`fID`, `fName`, `fPrice`, `categoryID`) VALUES
('BB&F', 'Beef Burger And Fries', 60.99, 2),
('BBQP', 'BBQ Pizza', 45.99, 1),
('BW', 'Beef Wings', 30, 5),
('CB&F', 'Chicken Burger And Fries', 62.5, 2),
('CC', 'Chili Chicken', 28.5, 8),
('CP', 'Chicken Pizza', 46, 1),
('CW', 'Chicken Wings', 25, 5),
('FL', 'Large Fries', 32, 6),
('FM', 'Medium Fries', 25, 6),
('FS', 'Small Fires', 15, 6),
('SPP', 'Spicy Pineapple Pizza', 80, 1),
('VB&F', 'Veggie Burger And Fries', 71.5, 2);

--
-- Indexes for dumped tables
--

--
-- Indexes for table `adminusers`
--
ALTER TABLE `adminusers`
  ADD PRIMARY KEY (`a_id`);

--
-- Indexes for table `banking`
--
ALTER TABLE `banking`
  ADD PRIMARY KEY (`cardNum`),
  ADD KEY `cID` (`cID`);

--
-- Indexes for table `category`
--
ALTER TABLE `category`
  ADD PRIMARY KEY (`catID`);

--
-- Indexes for table `clients`
--
ALTER TABLE `clients`
  ADD PRIMARY KEY (`cID`);

--
-- Indexes for table `clientsorders`
--
ALTER TABLE `clientsorders`
  ADD PRIMARY KEY (`orderID`),
  ADD KEY `cust_ID` (`cID`),
  ADD KEY `fID` (`foodID`);

--
-- Indexes for table `foods`
--
ALTER TABLE `foods`
  ADD PRIMARY KEY (`fID`),
  ADD KEY `catID` (`categoryID`);

--
-- AUTO_INCREMENT for dumped tables
--

--
-- AUTO_INCREMENT for table `adminusers`
--
ALTER TABLE `adminusers`
  MODIFY `a_id` int(255) NOT NULL AUTO_INCREMENT, AUTO_INCREMENT=21;

--
-- AUTO_INCREMENT for table `category`
--
ALTER TABLE `category`
  MODIFY `catID` int(255) NOT NULL AUTO_INCREMENT, AUTO_INCREMENT=10;

--
-- AUTO_INCREMENT for table `clients`
--
ALTER TABLE `clients`
  MODIFY `cID` int(255) NOT NULL AUTO_INCREMENT, AUTO_INCREMENT=19;

--
-- AUTO_INCREMENT for table `clientsorders`
--
ALTER TABLE `clientsorders`
  MODIFY `orderID` int(225) NOT NULL AUTO_INCREMENT, AUTO_INCREMENT=1872;

--
-- Constraints for dumped tables
--

--
-- Constraints for table `banking`
--
ALTER TABLE `banking`
  ADD CONSTRAINT `cID` FOREIGN KEY (`cID`) REFERENCES `clients` (`cID`);

--
-- Constraints for table `clientsorders`
--
ALTER TABLE `clientsorders`
  ADD CONSTRAINT `cust_ID` FOREIGN KEY (`cID`) REFERENCES `clients` (`cID`),
  ADD CONSTRAINT `fID` FOREIGN KEY (`foodID`) REFERENCES `foods` (`fID`);

--
-- Constraints for table `foods`
--
ALTER TABLE `foods`
  ADD CONSTRAINT `catID` FOREIGN KEY (`categoryID`) REFERENCES `category` (`catID`);
COMMIT;

/*!40101 SET CHARACTER_SET_CLIENT=@OLD_CHARACTER_SET_CLIENT */;
/*!40101 SET CHARACTER_SET_RESULTS=@OLD_CHARACTER_SET_RESULTS */;
/*!40101 SET COLLATION_CONNECTION=@OLD_COLLATION_CONNECTION */;
